goal,status,structured_revision_count,goal_archive_count,report_count,ad_hoc_review_count,primary_structured_revision,primary_goal_archive,sample_report,sample_ad_hoc_review
66,goal_doc_archive_only,0,1,2,3,,docs/history/goals/archive/goal_66_vulkan_correctness_closure.md,docs/reports/goal66_vulkan_correctness_closure_2026-04-04.md,history/ad_hoc_reviews/2026-04-04-codex-consensus-goal66-vulkan-correctness-closure.md
67,goal_doc_archive_only,0,1,4,3,,docs/history/goals/archive/goal_67_vulkan_and_doc_repair.md,docs/reports/goal67_vulkan_doc_repair_plan_2026-04-04.md,history/ad_hoc_reviews/2026-04-04-codex-consensus-goal67-doc-repair.md
68,goal_doc_archive_only,0,1,2,0,,docs/history/goals/archive/goal_68_vulkan_scalability_design.md,docs/reports/goal68_vulkan_scalability_design_options_2026-04-04.md,
69,goal_doc_archive_only,0,1,5,12,,docs/history/goals/archive/goal_69_pip_performance_repair.md,docs/reports/goal69_final_measured_artifact_note_2026-04-04.md,history/ad_hoc_reviews/2026-04-04-codex-consensus-goal69-final-package.md
70,goal_doc_archive_only,0,1,2,3,,docs/history/goals/archive/goal_70_optix_beats_postgis.md,docs/reports/goal70_optix_beats_postgis_2026-04-04.md,history/ad_hoc_reviews/2026-04-04-claude-review-goal70-final-package.md
71,goal_doc_archive_only,0,1,1,3,,docs/history/goals/archive/goal_71_embree_beats_postgis.md,docs/reports/goal71_embree_beats_postgis_2026-04-04.md,history/ad_hoc_reviews/2026-04-04-claude-review-goal71-final-package.md
72,goal_doc_archive_only,0,1,1,3,,docs/history/goals/archive/goal_72_vulkan_long_county_prepared_exec.md,docs/reports/goal72_vulkan_long_county_prepared_exec_2026-04-04.md,history/ad_hoc_reviews/2026-04-04-claude-review-goal72-final-package.md
73,goal_doc_archive_only,0,1,1,3,,docs/history/goals/archive/goal_73_linux_test_closure.md,docs/reports/goal73_linux_test_closure_2026-04-04.md,history/ad_hoc_reviews/2026-04-04-claude-review-goal73-final-package.md
74,goal_doc_archive_only,0,1,1,4,,docs/history/goals/archive/goal_74_three_ai_post_goal73_audit.md,docs/reports/goal74_three_ai_post_goal73_audit_2026-04-04.md,history/ad_hoc_reviews/2026-04-04-claude-review-goal74-final-package.md
75,goal_doc_archive_only,0,1,2,8,,docs/history/goals/archive/goal_75_oracle_trust_envelope.md,docs/reports/goal75_oracle_trust_envelope_2026-04-04.md,history/ad_hoc_reviews/2026-04-04-claude-review-goal75-final-package.md
76,goal_doc_archive_only,0,1,1,3,,docs/history/goals/archive/goal_76_runtime_prepared_cache.md,docs/reports/goal76_runtime_prepared_cache_2026-04-04.md,history/ad_hoc_reviews/2026-04-04-codex-consensus-goal76-runtime-prepared-cache.md
77,goal_doc_archive_only,0,1,3,10,,docs/history/goals/archive/goal_77_runtime_cache_measurement.md,docs/reports/goal77_runtime_cache_measurement_2026-04-04.md,history/ad_hoc_reviews/2026-04-04-claude-review-goal77-runtime-cache-measurement-rerun.md
78,goal_doc_archive_only,0,1,7,8,,docs/history/goals/archive/goal_78_vulkan_positive_hit_sparse_redesign.md,docs/reports/goal78_claude_plan_brief_2026-04-04.md,history/ad_hoc_reviews/2026-04-04-claude-plan-goal78-vulkan-positive-hit-sparse-redesign-inline.md
79,goal_doc_archive_only,0,1,2,5,,docs/history/goals/archive/goal_79_linux_performance_reproduction_matrix.md,docs/reports/goal79_linux_performance_reproduction_matrix_2026-04-04.md,history/ad_hoc_reviews/2026-04-04-claude-review-goal79-linux-performance-reproduction-matrix.md
80,goal_doc_archive_only,0,1,2,4,,docs/history/goals/archive/goal_80_long_end_to_end_runtime_cache_win.md,docs/reports/goal80_long_end_to_end_runtime_cache_win_2026-04-04.md,history/ad_hoc_reviews/2026-04-04-claude-review-goal80-long-end-to-end-runtime-cache-win.md
81,goal_doc_archive_only,0,1,1,3,,docs/history/goals/archive/goal_81_optix_long_exact_raw_input_win.md,docs/reports/goal81_optix_long_exact_raw_input_win_2026-04-04.md,history/ad_hoc_reviews/2026-04-04-codex-consensus-goal81-optix-long-exact-raw-input-win.md
82,goal_doc_archive_only,0,1,2,3,,docs/history/goals/archive/goal_82_optix_pre_embree_audit.md,docs/reports/goal82_optix_pre_embree_audit_2026-04-04.md,history/ad_hoc_reviews/2026-04-04-codex-consensus-goal82-optix-pre-embree-audit.md
83,goal_doc_archive_only,0,1,3,8,,docs/history/goals/archive/goal_83_embree_long_exact_source_repair.md,docs/reports/goal83_embree_long_exact_source_diagnosis_and_proposal_2026-04-04.md,history/ad_hoc_reviews/2026-04-04-claude-review-goal83-diagnosis-and-proposal-rerun.md
84,goal_doc_archive_only,0,1,1,3,,docs/history/goals/archive/goal_84_exact_source_long_backend_summary.md,docs/reports/goal84_exact_source_long_backend_summary_2026-04-04.md,history/ad_hoc_reviews/2026-04-04-codex-consensus-goal84-exact-source-long-backend-summary.md
85,goal_doc_archive_only,0,1,1,5,,docs/history/goals/archive/goal_85_vulkan_hardware_validation_and_measurement.md,docs/reports/goal85_vulkan_hardware_validation_and_measurement_2026-04-04.md,history/ad_hoc_reviews/2026-04-04-codex-consensus-goal85-86-final-package.md
86,goal_doc_archive_only,0,1,1,0,,docs/history/goals/archive/goal_86_backend_comparison_closure.md,docs/reports/goal86_backend_comparison_closure_2026-04-04.md,
87,goal_doc_archive_only,0,1,1,3,,docs/history/goals/archive/goal_87_vulkan_long_exact_source_unblocked.md,docs/reports/goal87_vulkan_long_exact_source_unblocked_2026-04-05.md,history/ad_hoc_reviews/2026-04-05-codex-consensus-goal87-vulkan-long-exact-source-unblocked.md
88,goal_doc_archive_only,0,1,1,3,,docs/history/goals/archive/goal_88_vulkan_long_exact_raw_input_measurement.md,docs/reports/goal88_vulkan_long_exact_raw_input_measurement_2026-04-05.md,history/ad_hoc_reviews/2026-04-05-codex-consensus-goal88-89-package.md
89,goal_doc_archive_only,0,1,1,0,,docs/history/goals/archive/goal_89_backend_comparison_refresh.md,docs/reports/goal89_backend_comparison_refresh_2026-04-05.md,
90,goal_doc_archive_only,0,1,3,5,,docs/history/goals/archive/goal_90_code_review_and_process_audit.md,docs/reports/goal90_code_review_and_process_audit_2026-04-05.md,history/ad_hoc_reviews/2026-04-05-claude-review-goal90-milestone-audit.md
91,goal_doc_archive_only,0,1,3,0,,docs/history/goals/archive/goal_91_test_expansion_for_rayjoin_reproduction.md,docs/reports/goal91_test_expansion_for_rayjoin_reproduction_2026-04-05.md,
92,goal_doc_archive_only,0,1,3,0,,docs/history/goals/archive/goal_92_architecture_api_and_performance_docs.md,docs/reports/goal92_architecture_api_and_performance_docs_2026-04-05.md,
93,goal_doc_archive_only,0,1,4,5,,docs/history/goals/archive/goal_93_rayjoin_reproduction_release_matrix.md,docs/reports/goal93_rayjoin_reproduction_release_matrix_2026-04-05.md,history/ad_hoc_reviews/2026-04-05-codex-consensus-goal93-95-release-package.md
94,goal_doc_archive_only,0,1,1,0,,docs/history/goals/archive/goal_94_v0_1_release_validation.md,docs/reports/goal94_v0_1_release_validation_plan_2026-04-05.md,
95,goal_doc_archive_only,0,1,3,0,,docs/history/goals/archive/goal_95_v0_1_release_docs.md,docs/reports/goal95_v0_1_release_docs_2026-04-05.md,
96,goal_doc_archive_only,0,1,1,0,,docs/history/goals/archive/goal_96_v0_1_release_audit.md,docs/reports/goal96_v0_1_release_audit_plan_2026-04-05.md,
97,goal_doc_archive_only,0,1,3,6,,docs/history/goals/archive/goal_97_ray_hit_sorting_kernel.md,docs/reports/goal97_ray_hit_sorting_kernel_2026-04-05.md,history/ad_hoc_reviews/2026-04-05-claude-review-goal97-final-package.md
98,goal_doc_archive_only,0,1,4,7,,docs/history/goals/archive/goal_98_optix_release_regression_repair.md,docs/reports/goal98_optix_release_regression_code_package_2026-04-05.md,history/ad_hoc_reviews/2026-04-05-claude-review-goal98-diagnosis-and-proposal.md
99,goal_doc_archive_only,0,1,2,3,,docs/history/goals/archive/goal_99_optix_cold_prepared_run1_win.md,docs/reports/goal99_optix_cold_prepared_run1_win_2026-04-05.md,history/ad_hoc_reviews/2026-04-05-codex-consensus-goal99-final-package.md
100,goal_doc_archive_only,0,1,1,5,,docs/history/goals/archive/goal_100_release_validation_rerun.md,docs/reports/goal100_release_validation_rerun_2026-04-05.md,history/ad_hoc_reviews/2026-04-05-claude-review-goal100-final-package-rerun.md
101,goal_doc_archive_only,0,1,1,5,,docs/history/goals/archive/goal_101_hello_world_all_backend_validation.md,docs/reports/goal101_hello_world_all_backend_validation_2026-04-05.md,history/ad_hoc_reviews/2026-04-05-claude-review-goal101-final-package-rerun.md
102,goal_doc_archive_only,0,1,3,5,,docs/history/goals/archive/goal_102_full_honest_rayjoin_reproduction.md,docs/reports/goal102_full_honest_rayjoin_reproduction_2026-04-05.md,history/ad_hoc_reviews/2026-04-05-claude-review-goal102-matrix-audit.md
103,goal_doc_archive_only,0,1,3,3,,docs/history/goals/archive/goal_103_full_honest_rayjoin_reproduction_vulkan.md,docs/reports/goal103_full_honest_rayjoin_reproduction_vulkan_2026-04-05.md,history/ad_hoc_reviews/2026-04-05-codex-consensus-goal103-final-package.md
104,goal_doc_archive_only,0,1,1,0,,docs/history/goals/archive/goal_104_rayjoin_reproduction_performance_report.md,docs/reports/goal104_rayjoin_reproduction_performance_report_2026-04-05.md,
105,goal_doc_archive_only,0,1,3,1,,docs/history/goals/archive/goal_105_final_release_audit.md,docs/reports/goal105_final_release_audit_2026-04-05.md,history/ad_hoc_reviews/2026-04-05-codex-consensus-goal105-final-release-audit.md
106,goal_doc_archive_only,0,1,3,3,,docs/history/goals/archive/goal_106_repo_wide_review_and_audit.md,docs/reports/goal106_final_done_report_2026-04-05.md,history/ad_hoc_reviews/2026-04-05-codex-consensus-goal106-repo-wide-audit.md
107,goal_doc_archive_only,0,1,4,3,,docs/history/goals/archive/goal_107_v0_2_roadmap_planning.md,docs/reports/goal107_123_package_review_claude_2026-04-06.md,history/ad_hoc_reviews/2026-04-05-codex-consensus-goal107-v0_2-roadmap.md
108,goal_doc_archive_only,0,1,2,3,,docs/history/goals/archive/goal_108_v0_2_workload_scope_charter.md,docs/reports/goal108_v0_2_workload_scope_charter_2026-04-05.md,history/ad_hoc_reviews/2026-04-05-codex-consensus-goal108-v0_2-workload-scope-charter.md
109,goal_doc_archive_only,0,1,2,3,,docs/history/goals/archive/goal_109_archive_v0_1_baseline.md,docs/reports/goal109_archive_v0_1_baseline_2026-04-05.md,history/ad_hoc_reviews/2026-04-05-codex-consensus-goal109-archive-v0_1-baseline.md
110,goal_doc_archive_only,0,1,6,15,,docs/history/goals/archive/goal_110_v0_2_segment_polygon_hitcount_closure.md,docs/reports/goal110_segment_polygon_hitcount_closure_2026-04-05.md,history/ad_hoc_reviews/2026-04-05-chandrasekhar-review-goal110-closure-progress.md
111,goal_doc_archive_only,0,1,2,6,,docs/history/goals/archive/goal_111_v0_2_generate_only_mvp.md,docs/reports/goal111_v0_2_generate_only_mvp_2026-04-05.md,history/ad_hoc_reviews/2026-04-05-chandrasekhar-review-goal111-final-package.md
112,goal_doc_archive_only,0,1,3,3,,docs/history/goals/archive/goal_112_segment_polygon_performance_maturation.md,docs/reports/goal112_segment_polygon_performance_maturation_2026-04-05.md,history/ad_hoc_reviews/2026-04-05-chandrasekhar-review-goal112-final-package.md
113,goal_doc_archive_only,0,1,2,3,,docs/history/goals/archive/goal_113_generate_only_maturation.md,docs/reports/goal113_generate_only_maturation_2026-04-05.md,history/ad_hoc_reviews/2026-04-05-chandrasekhar-review-goal113-final-package.md
114,goal_doc_archive_only,0,1,1,3,,docs/history/goals/archive/goal_114_segment_polygon_postgis_large_scale_validation.md,docs/reports/goal114_segment_polygon_postgis_large_scale_validation_2026-04-05.md,history/ad_hoc_reviews/2026-04-05-codex-consensus-goal114-final-package.md
115,goal_doc_archive_only,0,1,1,3,,docs/history/goals/archive/goal_115_segment_polygon_feature_productization.md,docs/reports/goal115_segment_polygon_feature_productization_2026-04-05.md,history/ad_hoc_reviews/2026-04-05-chandrasekhar-review-goal115-final-package.md
116,goal_doc_archive_only,0,1,1,0,,docs/history/goals/archive/goal_116_segment_polygon_full_backend_audit.md,docs/reports/goal116_segment_polygon_full_backend_audit_2026-04-06.md,
117,goal_doc_archive_only,0,1,1,0,,docs/history/goals/archive/goal_117_v0_2_feature_usage_surface.md,docs/reports/goal117_v0_2_feature_usage_surface_2026-04-06.md,
118,goal_doc_archive_only,0,1,1,0,,docs/history/goals/archive/goal_118_segment_polygon_linux_large_perf.md,docs/reports/goal118_segment_polygon_linux_large_perf_2026-04-06.md,
119,goal_doc_archive_only,0,1,1,0,,docs/history/goals/archive/goal_119_segment_polygon_native_maturity_redesign.md,docs/reports/goal119_segment_polygon_native_maturity_redesign_2026-04-06.md,
120,goal_doc_archive_only,0,1,1,0,,docs/history/goals/archive/goal_120_optix_segment_polygon_native_promotion.md,docs/reports/goal120_optix_segment_polygon_native_promotion_2026-04-06.md,
121,goal_doc_archive_only,0,1,1,0,,docs/history/goals/archive/goal_121_segment_polygon_bbox_prefilter.md,docs/reports/goal121_segment_polygon_bbox_prefilter_2026-04-06.md,
122,goal_doc_archive_only,0,1,1,0,,docs/history/goals/archive/goal_122_segment_polygon_candidate_index_redesign.md,docs/reports/goal122_segment_polygon_candidate_index_redesign_2026-04-06.md,
123,goal_doc_archive_only,0,1,1,0,,docs/history/goals/archive/goal_123_optix_candidate_index_alignment.md,docs/reports/goal123_optix_candidate_index_alignment_2026-04-06.md,
124,goal_doc_archive_only,0,1,1,3,,docs/history/goals/archive/goal_124_v0_2_review_backfill_and_status.md,docs/reports/goal124_v0_2_review_backfill_and_status_2026-04-06.md,history/ad_hoc_reviews/2026-04-06-codex-consensus-goal124-v0_2-review-backfill-and-status.md
125,goal_doc_archive_only,0,1,1,0,,docs/history/goals/archive/goal_125_v0_2_internal_backfill_and_external_review_packet.md,docs/reports/goal125_v0_2_internal_backfill_and_external_review_packet_2026-04-06.md,
126,goal_doc_archive_only,0,1,1,0,,docs/history/goals/archive/goal_126_second_workload_family_selection.md,docs/reports/goal126_second_workload_family_selection_2026-04-06.md,
127,goal_doc_archive_only,0,1,1,2,,docs/history/goals/archive/goal_127_second_workload_family_anyhit_rows_closure.md,docs/reports/goal127_second_workload_family_anyhit_rows_closure_2026-04-06.md,history/ad_hoc_reviews/2026-04-06-claude-review-goal127-second-workload-family-anyhit-rows.md
128,goal_doc_archive_only,0,1,1,0,,docs/history/goals/archive/goal_128_second_workload_family_postgis_and_linux_perf.md,docs/reports/goal128_second_workload_family_postgis_and_linux_perf_2026-04-06.md,
129,goal_doc_archive_only,0,1,1,3,,docs/history/goals/archive/goal_129_generate_only_second_workload_expansion.md,docs/reports/goal129_generate_only_second_workload_expansion_2026-04-06.md,history/ad_hoc_reviews/2026-04-06-claude-review-goal129-generate-only-second-workload.md
130,goal_doc_archive_only,0,1,3,3,,docs/history/goals/archive/goal_130_v0_2_test_plan_and_execution.md,docs/reports/goal130_external_review_claude_2026-04-06.md,history/ad_hoc_reviews/2026-04-06-claude-review-goal130-v0_2-test-plan-and-execution.md
131,goal_doc_archive_only,0,1,1,2,,docs/history/goals/archive/goal_131_v0_2_linux_stress_audit.md,docs/reports/goal131_v0_2_linux_stress_audit_2026-04-06.md,history/ad_hoc_reviews/2026-04-06-claude-review-goal131-v0_2-linux-stress-audit.md
132,goal_doc_archive_only,0,1,2,0,,docs/history/goals/archive/goal_132_v0_2_user_doc_refresh.md,docs/reports/goal132_gemini_v0_2_doc_draft_raw_2026-04-06.md,
133,goal_doc_archive_only,0,1,1,0,,docs/history/goals/archive/goal_133_current_feature_execution_report.md,docs/reports/goal133_current_feature_execution_report_2026-04-06.md,
134,goal_doc_archive_only,0,1,2,1,,docs/history/goals/archive/goal_134_v0_2_process_audit_so_far.md,docs/reports/goal134_gemini_v0_2_process_audit_2026-04-06.md,history/ad_hoc_reviews/2026-04-06-codex-consensus-goal134-v0_2-process-audit.md
135,goal_doc_archive_only,0,1,3,3,,docs/history/goals/archive/goal_135_system_midterm_check.md,docs/reports/goal135_external_review_claude_2026-04-06.md,history/ad_hoc_reviews/2026-04-06-claude-review-goal135-system-midterm-check.md
136,goal_doc_archive_only,0,1,3,4,,docs/history/goals/archive/goal_136_jaccard_similarity_evaluation.md,docs/reports/goal136_external_review_claude_2026-04-06.md,history/ad_hoc_reviews/2026-04-06-claude-review-goal136-jaccard-evaluation.md
137,goal_doc_archive_only,0,1,3,0,,docs/history/goals/archive/goal_137_jaccard_workload_charter.md,docs/reports/goal137_138_external_review_gemini_2026-04-06.md,
138,goal_doc_archive_only,0,1,1,0,,docs/history/goals/archive/goal_138_polygon_pair_overlap_area_rows_closure.md,docs/reports/goal138_polygon_pair_overlap_area_rows_closure_2026-04-06.md,
139,goal_doc_archive_only,0,1,2,3,,docs/history/goals/archive/goal_139_public_pathology_data_acquisition_and_conversion.md,docs/reports/goal139_public_pathology_data_acquisition_and_conversion_2026-04-06.md,history/ad_hoc_reviews/2026-04-06-codex-consensus-goal139-public-pathology-data.md
140,goal_doc_archive_only,0,1,2,3,,docs/history/goals/archive/goal_140_polygon_set_jaccard_closure.md,docs/reports/goal140_polygon_set_jaccard_closure_2026-04-06.md,history/ad_hoc_reviews/2026-04-06-codex-consensus-goal140-polygon-set-jaccard.md
141,goal_doc_archive_only,0,1,2,3,,docs/history/goals/archive/goal_141_public_jaccard_linux_audit.md,docs/reports/goal141_public_jaccard_linux_audit_2026-04-06.md,history/ad_hoc_reviews/2026-04-07-codex-consensus-goal141-public-jaccard-audit.md
142,goal_doc_archive_only,0,1,2,3,,docs/history/goals/archive/goal_142_jaccard_docs_and_generate_only.md,docs/reports/goal142_jaccard_docs_and_generate_only_2026-04-06.md,history/ad_hoc_reviews/2026-04-07-codex-consensus-goal142-jaccard-docs-and-generate-only.md
143,goal_doc_archive_only,0,1,1,0,,docs/history/goals/archive/goal_143_feature_home_documentation.md,docs/reports/goal143_feature_home_documentation_2026-04-07.md,
144,goal_doc_archive_only,0,1,1,0,,docs/history/goals/archive/goal_144_project_memory_bootstrap.md,docs/reports/goal144_project_memory_bootstrap_2026-04-07.md,
145,goal_doc_archive_only,0,1,3,1,,docs/history/goals/archive/goal_145_v0_2_consensus_audit.md,docs/reports/goal145_external_review_claude_2026-04-07.md,history/ad_hoc_reviews/2026-04-07-codex-consensus-goal145-v0_2-consensus-audit.md
146,goal_doc_archive_only,0,1,3,4,,docs/history/goals/archive/goal_146_jaccard_linux_multi_backend_stress.md,docs/reports/goal146_external_review_claude_2026-04-07.md,history/ad_hoc_reviews/2026-04-07-claude-review-goal146-jaccard-linux-stress.md
147,goal_doc_archive_only,0,1,3,3,,docs/history/goals/archive/goal_147_comprehensive_doc_review.md,docs/reports/goal147_comprehensive_doc_review_2026-04-07.md,history/ad_hoc_reviews/2026-04-07-claude-review-goal147-comprehensive-doc-review.md
148,goal_doc_archive_only,0,1,3,1,,docs/history/goals/archive/goal_148_v0_2_scope_status_package.md,docs/reports/goal148_scope_decision_claude_2026-04-07.md,history/ad_hoc_reviews/2026-04-07-codex-consensus-goal148-v0_2-scope-decision.md
149,goal_doc_archive_only,0,1,3,4,,docs/history/goals/archive/goal_149_front_door_and_example_consistency_freeze.md,docs/reports/goal149_external_review_claude_2026-04-07.md,history/ad_hoc_reviews/2026-04-07-claude-review-goal149-front-door-example-freeze.md
150,goal_doc_archive_only,0,1,3,4,,docs/history/goals/archive/goal_150_v0_2_release_readiness_and_stability.md,docs/reports/goal150_external_review_claude_2026-04-07.md,history/ad_hoc_reviews/2026-04-07-claude-review-goal150-release-readiness.md
151,goal_doc_archive_only,0,1,3,4,,docs/history/goals/archive/goal_151_final_front_door_status_freeze.md,docs/reports/goal151_external_review_claude_2026-04-07.md,history/ad_hoc_reviews/2026-04-07-claude-review-goal151-front-door-status-freeze.md
152,goal_doc_archive_only,0,1,3,3,,docs/history/goals/archive/goal_152_v0_2_release_statement_and_support_matrix.md,docs/reports/goal152_external_review_claude_2026-04-07.md,history/ad_hoc_reviews/2026-04-07-claude-review-goal152-release-statement-and-support-matrix.md
153,goal_doc_archive_only,0,1,3,4,,docs/history/goals/archive/goal_153_backend_loader_robustness.md,docs/reports/goal153_backend_loader_robustness_2026-04-07.md,history/ad_hoc_reviews/2026-04-07-claude-review-goal153-backend-loader-robustness.md
154,goal_doc_archive_only,0,1,4,2,,docs/history/goals/archive/goal_154_final_release_audit_and_tag_preparation.md,docs/reports/goal154_external_review_claude_2026-04-07.md,history/ad_hoc_reviews/2026-04-07-claude-review-goal154-final-release-audit-and-tag-preparation.md
155,goal_doc_archive_only,0,1,3,2,,docs/history/goals/archive/goal_155_optix_linux_sdk_path_robustness.md,docs/reports/goal155_external_review_claude_2026-04-07.md,history/ad_hoc_reviews/2026-04-07-claude-review-goal155-optix-linux-sdk-path-robustness.md
156,goal_doc_archive_only,0,1,4,3,,docs/history/goals/archive/goal_156_v0_2_release_refresh_after_optix_robustness.md,docs/reports/goal156_external_review_claude_2026-04-07.md,history/ad_hoc_reviews/2026-04-07-claude-review-goal156-v0_2-release-refresh-after-optix-robustness.md
157,goal_doc_archive_only,0,1,5,2,,docs/history/goals/archive/goal_157_fresh_clone_external_agent_acceptance.md,docs/reports/goal157_external_review_claude_2026-04-07.md,history/ad_hoc_reviews/2026-04-07-codex-consensus-goal157-fresh-clone-external-agent-acceptance.md
158,goal_doc_archive_only,0,1,4,1,,docs/history/goals/archive/goal_158_rtdl_plus_python_demo_docs.md,docs/reports/goal158_external_review_claude_2026-04-07.md,history/ad_hoc_reviews/2026-04-07-codex-consensus-goal158-rtdl-plus-python-demo-docs.md
159,goal_doc_archive_only,0,1,4,1,,docs/history/goals/archive/goal_159_v0_2_front_surface_consensus.md,docs/reports/goal159_external_review_claude_2026-04-07.md,history/ad_hoc_reviews/2026-04-07-codex-consensus-goal159-v0_2-front-surface-consensus.md
160,goal_doc_archive_only,0,1,4,1,,docs/history/goals/archive/goal_160_full_project_level_audit.md,docs/reports/goal160_external_review_claude_2026-04-07.md,history/ad_hoc_reviews/2026-04-07-codex-consensus-goal160-full-project-level-audit.md
161,goal_doc_archive_only,0,1,4,1,,docs/history/goals/archive/goal_161_v0_3_visual_demo_charter.md,docs/reports/goal161_external_review_claude_2026-04-07.md,history/ad_hoc_reviews/2026-04-07-codex-consensus-goal161-v0_3-visual-demo-charter.md
162,no_direct_goal_id_artifact_found,0,0,0,0,,,,
163,goal_doc_archive_only,0,1,3,1,,docs/history/goals/archive/goal_163_optix_correctness_reaudit.md,docs/reports/goal163_external_review_claude_2026-04-07.md,history/ad_hoc_reviews/2026-04-07-codex-consensus-goal163-optix-correctness-reaudit.md
164,goal_doc_archive_only,0,1,3,1,,docs/history/goals/archive/goal_164_spinning_ball_3d_backend_closure.md,docs/reports/goal164_external_review_claude_2026-04-07.md,history/ad_hoc_reviews/2026-04-07-codex-consensus-goal164-spinning-ball-3d-backend-closure.md
165,goal_doc_archive_only,0,1,4,1,,docs/history/goals/archive/goal_165_spinning_ball_3d_optix_animation_variants.md,docs/reports/goal165_claude_review_2026-04-07.md,history/ad_hoc_reviews/2026-04-11-codex-consensus-goal165-165-spinning-ball-3d-optix-animation-variants.md
166,goal_doc_archive_only,0,1,5,1,,docs/history/goals/archive/goal_166_windows_earthlike_10s_demo.md,docs/reports/goal166_current_progress_note_2026-04-07.md,history/ad_hoc_reviews/2026-04-07-codex-consensus-goal166-windows-earthlike-10s-demo.md
167,goal_doc_archive_only,0,1,6,1,,docs/history/goals/archive/goal_167_windows_numpy_diagonal_movie.md,docs/reports/goal167_external_review_claude_2026-04-07.md,history/ad_hoc_reviews/2026-04-07-codex-consensus-goal167-windows-numpy-diagonal-movie.md
168,goal_doc_archive_only,0,1,6,1,,docs/history/goals/archive/goal_168_v0_3_visual_demo_status.md,docs/reports/goal168_external_review_claude_2026-04-07.md,history/ad_hoc_reviews/2026-04-11-codex-consensus-goal168-168-v0-3-visual-demo-status.md
169,goal_doc_archive_only,0,1,4,1,,docs/history/goals/archive/goal_169_parallel_vulkan_optix_backend_closure.md,docs/reports/goal169_external_review_claude_2026-04-08.md,history/ad_hoc_reviews/2026-04-08-codex-consensus-goal169-parallel-vulkan-optix-backend-closure.md
170,goal_doc_archive_only,0,1,3,1,,docs/history/goals/archive/goal_170_linux_backend_small_demo_artifacts.md,docs/reports/goal170_external_review_gemini_2026-04-08.md,history/ad_hoc_reviews/2026-04-08-codex-consensus-goal170-linux-backend-small-demo-artifacts.md
171,goal_doc_archive_only,0,1,3,1,,docs/history/goals/archive/goal_171_v0_3_visual_demo_front_surface_refresh.md,docs/reports/goal171_external_review_gemini_2026-04-08.md,history/ad_hoc_reviews/2026-04-08-codex-consensus-goal171-v0_3-visual-demo-front-surface-refresh.md
172,goal_doc_archive_only,0,1,3,1,,docs/history/goals/archive/goal_172_temporal_stability_option.md,docs/reports/goal172_external_review_gemini_2026-04-08.md,history/ad_hoc_reviews/2026-04-08-codex-consensus-goal172-temporal-stability-option.md
173,goal_doc_archive_only,0,1,6,1,,docs/history/goals/archive/goal_173_windows_4k_movie_acceptance.md,docs/reports/goal173_4k_render_program_explanation_claude_2026-04-08.md,history/ad_hoc_reviews/2026-04-08-codex-consensus-goal173-windows-4k-movie-acceptance.md
174,goal_doc_archive_only,0,1,3,1,,docs/history/goals/archive/goal_174_front_surface_4k_refresh.md,docs/reports/goal174_external_review_gemini_2026-04-08.md,history/ad_hoc_reviews/2026-04-08-codex-consensus-goal174-front-surface-4k-refresh.md
175,goal_doc_archive_only,0,1,5,1,,docs/history/goals/archive/goal_175_two_star_4k_variant.md,docs/reports/goal175_claude_test_draft_2026-04-08.md,history/ad_hoc_reviews/2026-04-11-codex-consensus-goal175-175-two-star-4k-variant.md
176,goal_doc_archive_only,0,1,4,1,,docs/history/goals/archive/goal_176_linux_gpu_backend_test_plan.md,docs/reports/goal176_external_review_claude_2026-04-08.md,history/ad_hoc_reviews/2026-04-08-codex-consensus-goal176-linux-gpu-backend-tests.md
177,goal_doc_archive_only,0,1,4,1,,docs/history/goals/archive/goal_177_linux_samecolor_two_star_small_artifacts.md,docs/reports/goal177_external_review_claude_2026-04-08.md,history/ad_hoc_reviews/2026-04-08-codex-consensus-goal177-linux-samecolor-two-star-small-artifacts.md
178,goal_doc_archive_only,0,1,4,1,,docs/history/goals/archive/goal_178_smooth_camera_orbit_demo.md,docs/reports/goal178_179_external_review_claude_2026-04-08.md,history/ad_hoc_reviews/2026-04-11-codex-consensus-goal178-178-smooth-camera-orbit-demo.md
179,goal_doc_archive_only,0,1,3,1,,docs/history/goals/archive/goal_179_linux_smooth_camera_backend_previews.md,docs/reports/goal179_claude_code_draft_2026-04-08.md,history/ad_hoc_reviews/2026-04-11-codex-consensus-goal179-179-linux-smooth-camera-backend-previews.md
180,goal_doc_archive_only,0,1,3,1,,docs/history/goals/archive/goal_180_v0_3_finish_plan.md,docs/reports/goal180_external_review_claude_2026-04-08.md,history/ad_hoc_reviews/2026-04-08-codex-consensus-goal180-v0_3-finish-plan.md
181,goal_doc_archive_only,0,1,5,1,,docs/history/goals/archive/goal_181_smooth_camera_flagship_acceptance.md,docs/reports/goal181_external_review_claude_2026-04-08.md,history/ad_hoc_reviews/2026-04-09-codex-consensus-goal181-smooth-camera-flagship-acceptance.md
182,goal_doc_archive_only,0,1,3,1,,docs/history/goals/archive/goal_182_linux_smooth_camera_supporting_package.md,docs/reports/goal182_external_review_claude_2026-04-08.md,history/ad_hoc_reviews/2026-04-08-codex-consensus-goal182-linux-smooth-camera-supporting-package.md
183,no_direct_goal_id_artifact_found,0,0,0,0,,,,
184,goal_doc_archive_only,0,1,3,1,,docs/history/goals/archive/goal_184_v0_3_final_status_package.md,docs/reports/goal184_external_review_claude_2026-04-09.md,history/ad_hoc_reviews/2026-04-09-codex-consensus-goal184-v0_3-final-status-package.md
185,goal_doc_archive_only,0,1,3,1,,docs/history/goals/archive/goal_185_orbit_support_star_stability_candidate.md,docs/reports/goal185_external_review_claude_2026-04-08.md,history/ad_hoc_reviews/2026-04-08-codex-consensus-goal185-orbit-support-star-stability-candidate.md
186,goal_doc_archive_only,0,1,3,1,,docs/history/goals/archive/goal_186_front_surface_video_refresh.md,docs/reports/goal186_external_review_claude_2026-04-09.md,history/ad_hoc_reviews/2026-04-09-codex-consensus-goal186-front-surface-video-refresh.md
187,goal_doc_archive_only,0,1,4,1,,docs/history/goals/archive/goal_187_v0_3_code_and_docs_audit.md,docs/reports/goal187_external_review_claude_2026-04-09.md,history/ad_hoc_reviews/2026-04-09-codex-consensus-goal187-v0_3-code-and-docs-audit.md
188,no_direct_goal_id_artifact_found,0,0,0,0,,,,
189,goal_doc_archive_only,0,1,4,1,,docs/history/goals/archive/goal_189_native_engine_reconstruction.md,docs/reports/goal189_external_review_claude_2026-04-09.md,history/ad_hoc_reviews/2026-04-09-codex-consensus-goal189-native-engine-reconstruction.md
190,goal_doc_archive_only,0,1,4,1,,docs/history/goals/archive/goal_190_visual_demo_example_reorg.md,docs/reports/goal190_external_review_claude_2026-04-09.md,history/ad_hoc_reviews/2026-04-09-codex-consensus-goal190-visual-demo-example-reorg.md
191,goal_doc_archive_only,0,1,6,1,,docs/history/goals/archive/goal_191_v0_3_comprehensive_verification.md,docs/reports/goal191_execution_review_claude_2026-04-09.md,history/ad_hoc_reviews/2026-04-09-codex-consensus-goal191-v0_3-comprehensive-verification.md
192,goal_doc_archive_only,0,1,6,1,,docs/history/goals/archive/goal_192_v0_3_comprehensive_doc_review.md,docs/reports/goal192_execution_review_claude_2026-04-09.md,history/ad_hoc_reviews/2026-04-09-codex-consensus-goal192-v0_3-comprehensive-doc-review.md
193,goal_doc_archive_only,0,1,2,1,,docs/history/goals/archive/goal_193_v0_4_direction_decision.md,docs/reports/goal193_v0_4_direction_decision_2026-04-09.md,history/ad_hoc_reviews/2026-04-11-codex-consensus-goal193-193-v0-4-direction-decision.md
194,goal_doc_archive_only,0,1,1,1,,docs/history/goals/archive/goal_194_v0_4_content_package.md,docs/reports/goal194_v0_4_content_package_2026-04-09.md,history/ad_hoc_reviews/2026-04-11-codex-consensus-goal194-194-v0-4-content-package.md
195,goal_doc_archive_only,0,1,2,1,,docs/history/goals/archive/goal_195_v0_4_working_plan.md,docs/reports/goal195_v0_4_working_plan_2026-04-09.md,history/ad_hoc_reviews/2026-04-11-codex-consensus-goal195-195-v0-4-working-plan.md
196,goal_doc_archive_only,0,1,4,1,,docs/history/goals/archive/goal_196_fixed_radius_neighbors_contract.md,docs/reports/claude_goal196_fixed_radius_neighbors_contract_review_2026-04-09.md,history/ad_hoc_reviews/2026-04-09-codex-consensus-goal196-fixed-radius-neighbors-contract.md
197,goal_doc_archive_only,0,1,4,1,,docs/history/goals/archive/goal_197_fixed_radius_neighbors_dsl_surface.md,docs/reports/claude_goal197_fixed_radius_neighbors_dsl_surface_review_2026-04-10.md,history/ad_hoc_reviews/2026-04-10-codex-consensus-goal197-fixed-radius-neighbors-dsl-surface.md
198,goal_doc_archive_only,0,1,4,1,,docs/history/goals/archive/goal_198_fixed_radius_neighbors_truth_path.md,docs/reports/claude_goal198_fixed_radius_neighbors_truth_path_review_2026-04-10.md,history/ad_hoc_reviews/2026-04-10-codex-consensus-goal198-fixed-radius-neighbors-truth-path.md
199,goal_doc_archive_only,0,1,4,1,,docs/history/goals/archive/goal_199_fixed_radius_neighbors_cpu_oracle.md,docs/reports/claude_goal199_fixed_radius_neighbors_cpu_oracle_review_2026-04-10.md,history/ad_hoc_reviews/2026-04-10-codex-consensus-goal199-fixed-radius-neighbors-cpu-oracle.md
200,goal_doc_archive_only,0,1,4,1,,docs/history/goals/archive/goal_200_fixed_radius_neighbors_embree.md,docs/reports/claude_goal200_fixed_radius_neighbors_embree_review_2026-04-10.md,history/ad_hoc_reviews/2026-04-10-codex-consensus-goal200-fixed-radius-neighbors-embree.md
201,goal_doc_archive_only,0,1,4,1,,docs/history/goals/archive/goal_201_fixed_radius_neighbors_external_baselines.md,docs/reports/claude_goal201_fixed_radius_neighbors_external_baselines_review_2026-04-10.md,history/ad_hoc_reviews/2026-04-10-codex-consensus-goal201-fixed-radius-neighbors-external-baselines.md
202,goal_doc_archive_only,0,1,3,1,,docs/history/goals/archive/goal_202_knn_rows_contract.md,docs/reports/gemini_goal202_knn_rows_contract_review_2026-04-10.md,history/ad_hoc_reviews/2026-04-10-codex-consensus-goal202-knn-rows-contract.md
203,goal_doc_archive_only,0,1,3,1,,docs/history/goals/archive/goal_203_knn_rows_dsl_surface.md,docs/reports/gemini_goal203_knn_rows_dsl_surface_review_2026-04-10.md,history/ad_hoc_reviews/2026-04-10-codex-consensus-goal203-knn-rows-dsl-surface.md
204,goal_doc_archive_only,0,1,3,1,,docs/history/goals/archive/goal_204_knn_rows_truth_path.md,docs/reports/gemini_goal204_knn_rows_truth_path_review_2026-04-10.md,history/ad_hoc_reviews/2026-04-10-codex-consensus-goal204-knn-rows-truth-path.md
205,goal_doc_archive_only,0,1,3,1,,docs/history/goals/archive/goal_205_knn_rows_cpu_oracle.md,docs/reports/gemini_goal205_knn_rows_cpu_oracle_review_2026-04-10.md,history/ad_hoc_reviews/2026-04-10-codex-consensus-goal205-knn-rows-cpu-oracle.md
206,goal_doc_archive_only,0,1,3,1,,docs/history/goals/archive/goal_206_knn_rows_embree.md,docs/reports/gemini_goal206_knn_rows_embree_review_2026-04-10.md,history/ad_hoc_reviews/2026-04-10-codex-consensus-goal206-knn-rows-embree.md
207,goal_doc_archive_only,0,1,3,1,,docs/history/goals/archive/goal_207_knn_rows_external_baselines.md,docs/reports/gemini_goal207_knn_rows_external_baselines_review_2026-04-10.md,history/ad_hoc_reviews/2026-04-10-codex-consensus-goal207-knn-rows-external-baselines.md
208,goal_doc_archive_only,0,1,3,1,,docs/history/goals/archive/goal_208_v0_4_public_example_chain.md,docs/reports/gemini_goal208_v0_4_public_example_chain_review_2026-04-10.md,history/ad_hoc_reviews/2026-04-10-codex-consensus-goal208-v0_4-public-example-chain.md
209,goal_doc_archive_only,0,1,4,1,,docs/history/goals/archive/goal_209_v0_4_bounded_scaling_note.md,docs/reports/gemini_goal209_v0_4_bounded_scaling_note_review_2026-04-11.md,history/ad_hoc_reviews/2026-04-10-codex-consensus-goal209-v0_4-bounded-scaling-note.md
210,goal_doc_archive_only,0,1,3,1,,docs/history/goals/archive/goal_210_v0_4_preview_release_surface.md,docs/reports/gemini_goal210_v0_4_preview_release_surface_review_2026-04-11.md,history/ad_hoc_reviews/2026-04-10-codex-consensus-goal210-v0_4-preview-release-surface.md
211,goal_doc_archive_only,0,1,3,1,,docs/history/goals/archive/goal_211_v0_4_doc_consistency_audit.md,docs/reports/gemini_goal211_v0_4_doc_consistency_audit_review_2026-04-11.md,history/ad_hoc_reviews/2026-04-10-codex-consensus-goal211-v0_4-doc-consistency-audit.md
212,goal_doc_archive_only,0,1,4,1,,docs/history/goals/archive/goal_212_v0_4_full_audit.md,docs/reports/claude_goal212_v0_4_full_audit_review_2026-04-10.md,history/ad_hoc_reviews/2026-04-10-codex-consensus-goal212-v0_4-full-audit.md
213,goal_doc_archive_only,0,1,2,1,,docs/history/goals/archive/goal_213_v0_4_release_packaging_prep.md,docs/reports/gemini_goal213_v0_4_release_packaging_prep_review_2026-04-11.md,history/ad_hoc_reviews/2026-04-11-codex-consensus-goal213-213-v0-4-release-packaging-prep.md
214,goal_doc_archive_only,0,1,2,1,,docs/history/goals/archive/goal_214_v0_4_application_examples_and_sql.md,docs/reports/gemini_goal214_v0_4_application_examples_and_sql_review_2026-04-11.md,history/ad_hoc_reviews/2026-04-11-codex-consensus-goal214-214-v0-4-application-examples-and-sql.md
215,goal_doc_archive_only,0,1,4,1,,docs/history/goals/archive/goal_215_v0_4_gpu_rework_proposal.md,docs/reports/claude_goal215_v0_4_gpu_rework_proposal_review_2026-04-10.md,history/ad_hoc_reviews/2026-04-10-codex-consensus-goal215-v0_4-gpu-rework-proposal.md
216,goal_doc_archive_only,0,1,3,1,,docs/history/goals/archive/goal_216_fixed_radius_neighbors_optix.md,docs/reports/claude_goal216_fixed_radius_neighbors_optix_review_2026-04-10.md,history/ad_hoc_reviews/2026-04-11-codex-consensus-goal216-216-fixed-radius-neighbors-optix.md
217,goal_doc_archive_only,0,1,3,1,,docs/history/goals/archive/goal_217_knn_rows_optix.md,docs/reports/gemini_goal217_knn_rows_optix_review_2026-04-10.md,history/ad_hoc_reviews/2026-04-10-codex-consensus-goal217-knn-rows-optix.md
218,goal_doc_archive_only,0,1,4,1,,docs/history/goals/archive/goal_218_fixed_radius_neighbors_vulkan.md,docs/reports/claude_goal218_fixed_radius_neighbors_vulkan_implementation_2026-04-10.md,history/ad_hoc_reviews/2026-04-10-codex-consensus-goal218-fixed-radius-neighbors-vulkan.md
219,goal_doc_archive_only,0,1,3,1,,docs/history/goals/archive/goal_219_knn_rows_vulkan.md,docs/reports/gemini_goal219_knn_rows_vulkan_review_2026-04-10.md,history/ad_hoc_reviews/2026-04-10-codex-consensus-goal219-knn-rows-vulkan.md
220,goal_doc_archive_only,0,1,2,1,,docs/history/goals/archive/goal_220_v0_4_gpu_status_refresh.md,docs/reports/gemini_goal220_v0_4_gpu_status_refresh_review_2026-04-11.md,history/ad_hoc_reviews/2026-04-11-codex-consensus-goal220-220-v0-4-gpu-status-refresh.md
221,no_direct_goal_id_artifact_found,0,0,0,0,,,,
222,goal_doc_archive_only,0,1,3,1,,docs/history/goals/archive/goal_222_windows_harness_portability_closure.md,docs/reports/gemini_goal222_windows_harness_portability_closure_review_2026-04-10.md,history/ad_hoc_reviews/2026-04-10-codex-consensus-goal222-windows-harness-portability-closure.md
223,goal_doc_archive_only,0,1,3,1,,docs/history/goals/archive/goal_223_vulkan_harness_integration.md,docs/reports/gemini_goal223_vulkan_harness_integration_review_2026-04-10.md,history/ad_hoc_reviews/2026-04-10-codex-consensus-goal223-vulkan-harness-integration.md
224,goal_doc_archive_only,0,1,3,1,,docs/history/goals/archive/goal_224_gpu_goal_closure_pack.md,docs/reports/gemini_goal224_gpu_goal_closure_pack_review_2026-04-11.md,history/ad_hoc_reviews/2026-04-11-codex-consensus-goal224-224-gpu-closure-pack.md
225,goal_doc_archive_only,0,1,3,1,,docs/history/goals/archive/goal_225_live_v0_4_doc_refresh.md,docs/reports/gemini_goal225_live_v0_4_doc_refresh_review_2026-04-10.md,history/ad_hoc_reviews/2026-04-10-codex-consensus-goal225-live-v0_4-doc-refresh.md
226,goal_doc_archive_only,0,1,3,1,,docs/history/goals/archive/goal_226_final_pre_performance_cleanup.md,docs/reports/gemini_goal226_final_pre_performance_cleanup_review_2026-04-11.md,history/ad_hoc_reviews/2026-04-10-codex-consensus-goal226-final-pre-performance-cleanup.md
227,goal_doc_archive_only,0,1,3,1,,docs/history/goals/archive/goal_227_beginner_tutorial_reorganization.md,docs/reports/gemini_goal227_beginner_tutorial_reorganization_review_2026-04-10.md,history/ad_hoc_reviews/2026-04-10-codex-consensus-goal227-beginner-tutorial-reorganization.md
228,goal_doc_archive_only,0,1,5,1,,docs/history/goals/archive/goal_228_v0_4_heavy_nearest_neighbor_perf.md,docs/reports/gemini_goal228_v0_4_heavy_nearest_neighbor_perf_review_2026-04-10.md,history/ad_hoc_reviews/2026-04-10-codex-consensus-goal228-heavy-v0_4-nearest-neighbor-perf.md
229,goal_doc_archive_only,0,1,3,1,,docs/history/goals/archive/goal_229_fixed_radius_neighbors_accelerated_boundary_fix.md,docs/reports/gemini_goal229_fixed_radius_neighbors_accelerated_boundary_fix_review_2026-04-10.md,history/ad_hoc_reviews/2026-04-10-codex-consensus-goal229-fixed-radius-neighbors-accelerated-boundary-fix.md
230,goal_doc_archive_only,0,1,3,1,,docs/history/goals/archive/goal_230_clean_release_prep_workspace.md,docs/reports/gemini_goal230_clean_release_prep_workspace_review_2026-04-10.md,history/ad_hoc_reviews/2026-04-10-codex-consensus-goal230-clean-release-prep-workspace.md
231,goal_doc_archive_only,0,1,3,1,,docs/history/goals/archive/goal_231_release_surface_alignment.md,docs/reports/gemini_goal231_release_surface_alignment_review_2026-04-10.md,history/ad_hoc_reviews/2026-04-10-codex-consensus-goal231-release-surface-alignment.md
232,goal_doc_archive_only,0,1,3,1,,docs/history/goals/archive/goal_232_final_pre_release_verification.md,docs/reports/gemini_goal232_final_pre_release_verification_review_2026-04-10.md,history/ad_hoc_reviews/2026-04-10-codex-consensus-goal232-final-pre-release-verification.md
233,goal_doc_archive_only,0,1,3,1,,docs/history/goals/archive/goal_233_final_release_decision_package.md,docs/reports/gemini_goal233_final_release_decision_package_review_2026-04-10.md,history/ad_hoc_reviews/2026-04-10-codex-consensus-goal233-final-release-decision-package.md
234,goal_doc_archive_only,0,1,3,1,,docs/history/goals/archive/goal_234_external_user_ux_cleanup.md,docs/reports/gemini_goal234_external_user_ux_cleanup_review_2026-04-11.md,history/ad_hoc_reviews/2026-04-11-codex-consensus-goal234-external-user-ux-cleanup.md
235,no_direct_goal_id_artifact_found,0,0,0,0,,,,
236,goal_doc_archive_only,0,1,1,1,,docs/history/goals/archive/goal_236_v0_4_final_release_gate_and_v0_5_direction.md,docs/reports/goal236_v0_4_final_release_gate_and_v0_5_direction_2026-04-11.md,history/ad_hoc_reviews/2026-04-11-codex-consensus-goal236-236-v0-4-final-release-gate-and-v0-5-direction.md
237,report_or_review_only,0,0,1,0,,,docs/reports/goal237_v0_4_final_review_gate_bundle_2026-04-11.md,
238,goal_doc_archive_only,0,1,2,1,,docs/history/goals/archive/goal_238_v0_4_consistency_and_presentation_audit.md,docs/reports/gemini_goal238_v0_4_consistency_and_presentation_audit_review_2026-04-11.md,history/ad_hoc_reviews/2026-04-11-codex-consensus-goal238-238-v0-4-consistency-and-presentation-audit.md
239,goal_doc_archive_only,0,1,2,1,,docs/history/goals/archive/goal_239_final_public_surface_cleanup.md,docs/reports/gemini_goal239_final_public_surface_cleanup_review_2026-04-11.md,history/ad_hoc_reviews/2026-04-11-codex-consensus-goal239-239-final-public-surface-cleanup.md
240,goal_doc_archive_only,0,1,2,1,,docs/history/goals/archive/goal_240_final_release_gate_closure.md,docs/reports/goal240_final_release_gate_closure_2026-04-11.md,history/ad_hoc_reviews/2026-04-11-codex-consensus-goal240-240-final-release-gate-closure.md
241,goal_doc_archive_only,0,1,2,1,,docs/history/goals/archive/goal_241_system_level_audit_database.md,docs/reports/gemini_goal241_system_level_audit_database_review_2026-04-11.md,history/ad_hoc_reviews/2026-04-11-codex-consensus-goal241-241-system-level-audit-database.md
242,goal_doc_archive_only,0,1,2,1,,docs/history/goals/archive/goal_242_front_page_and_tutorial_audit_pass.md,docs/reports/gemini_goal242_front_page_and_tutorial_audit_pass_review_2026-04-11.md,history/ad_hoc_reviews/2026-04-11-codex-consensus-goal242-242-front-page-and-tutorial-audit-pass.md
243,goal_doc_archive_only,0,1,2,1,,docs/history/goals/archive/goal_243_release_docs_audit_pass.md,docs/reports/gemini_goal243_release_docs_audit_pass_review_2026-04-11.md,history/ad_hoc_reviews/2026-04-11-codex-consensus-goal243-243-release-docs-audit-pass.md
244,goal_doc_archive_only,0,1,2,1,,docs/history/goals/archive/goal_244_examples_audit_pass.md,docs/reports/gemini_goal244_examples_audit_pass_review_2026-04-11.md,history/ad_hoc_reviews/2026-04-11-codex-consensus-goal244-244-examples-audit-pass.md
245,goal_doc_archive_only,0,1,2,1,,docs/history/goals/archive/goal_245_code_surface_audit_pass.md,docs/reports/gemini_goal245_code_surface_audit_pass_review_2026-04-11.md,history/ad_hoc_reviews/2026-04-11-codex-consensus-goal245-245-code-surface-audit-pass.md
246,goal_doc_archive_only,0,1,2,1,,docs/history/goals/archive/goal_246_verification_surface_audit_pass.md,docs/reports/gemini_goal246_verification_surface_audit_pass_review_2026-04-11.md,history/ad_hoc_reviews/2026-04-11-codex-consensus-goal246-246-verification-surface-audit-pass.md
247,goal_doc_archive_only,0,1,2,1,,docs/history/goals/archive/goal_247_archive_surface_audit_pass.md,docs/reports/gemini_goal247_archive_surface_audit_pass_review_2026-04-11.md,history/ad_hoc_reviews/2026-04-11-codex-consensus-goal247-247-archive-surface-audit-pass.md
248,goal_doc_archive_only,0,1,2,1,,docs/history/goals/archive/goal_248_follow_up_remediation_pass.md,docs/reports/gemini_goal248_follow_up_remediation_pass_review_2026-04-11.md,history/ad_hoc_reviews/2026-04-11-codex-consensus-goal248-248-follow-up-remediation-pass.md
249,goal_doc_archive_only,0,1,2,1,,docs/history/goals/archive/goal_249_native_cpu_oracle_environment_hardening.md,docs/reports/gemini_goal249_native_cpu_oracle_environment_hardening_review_2026-04-11.md,history/ad_hoc_reviews/2026-04-11-codex-consensus-goal249-249-native-cpu-oracle-environment-hardening.md
250,goal_doc_archive_only,0,1,2,1,,docs/history/goals/archive/goal_250_feature_docs_audit_pass.md,docs/reports/gemini_goal250_feature_docs_audit_pass_review_2026-04-11.md,history/ad_hoc_reviews/2026-04-11-codex-consensus-goal250-250-feature-docs-audit-pass.md
251,goal_doc_archive_only,0,1,2,1,,docs/history/goals/archive/goal_251_architecture_process_docs_audit_pass.md,docs/reports/gemini_goal251_architecture_process_docs_audit_pass_review_2026-04-11.md,history/ad_hoc_reviews/2026-04-11-codex-consensus-goal251-251-architecture-process-docs-audit-pass.md
252,goal_doc_archive_only,0,1,2,1,,docs/history/goals/archive/goal_252_archive_and_early_goal_docs_audit_pass.md,docs/reports/gemini_goal252_archive_and_early_goal_docs_audit_pass_review_2026-04-11.md,history/ad_hoc_reviews/2026-04-11-codex-consensus-goal252-252-archive-and-early-docs-audit-pass.md
253,goal_doc_archive_only,0,1,3,1,,docs/history/goals/archive/goal_253_v0_3_plus_goal_review_compliance_audit.md,docs/reports/gemini_goal253_v0_3_plus_goal_review_compliance_audit_review_2026-04-11.md,history/ad_hoc_reviews/2026-04-11-codex-consensus-goal253-253-v0-3-plus-review-compliance-audit.md
254,goal_doc_archive_only,0,1,2,1,,docs/history/goals/archive/goal_254_engineering_support_docs_audit_pass.md,docs/reports/gemini_goal254_engineering_support_docs_audit_pass_review_2026-04-11.md,history/ad_hoc_reviews/2026-04-11-codex-consensus-goal254-engineering-support-docs-audit-pass.md
255,goal_doc_archive_only,0,1,8,1,,docs/history/goals/archive/goal_255_front_page_rewrite.md,docs/reports/claude_goal255_front_page_final_review_2026-04-11.md,history/ad_hoc_reviews/2026-04-11-codex-consensus-goal255-front-page-rewrite.md
256,goal_doc_archive_only,0,1,5,1,,docs/history/goals/archive/goal_256_hidden_star_4k_artifact_integration.md,docs/reports/claude_goal256_front_page_and_4k_integration_review_2026-04-11.md,history/ad_hoc_reviews/2026-04-11-codex-consensus-goal256-hidden-star-4k-artifact-integration.md
257,goal_doc_archive_only,0,1,3,1,,docs/history/goals/archive/goal_257_v0_5_readiness_current_state_review.md,docs/reports/claude_goal257_v0_5_readiness_current_state_review_2026-04-11.md,history/ad_hoc_reviews/2026-04-11-codex-consensus-goal257-v0_5-readiness-current-state-review.md
258,goal_doc_archive_only,0,1,3,1,,docs/history/goals/archive/goal_258_v0_5_paper_consistency_charter.md,docs/reports/gemini_goal258_v0_5_paper_consistency_charter_review_2026-04-11.md,history/ad_hoc_reviews/2026-04-11-codex-consensus-goal258-v0_5-paper-consistency-charter.md
259,goal_doc_archive_only,0,1,3,1,,docs/history/goals/archive/goal_259_v0_5_3d_nearest_neighbor_surface_design.md,docs/reports/gemini_goal259_v0_5_3d_nearest_neighbor_surface_design_review_2026-04-11.md,history/ad_hoc_reviews/2026-04-11-codex-consensus-goal259-v0_5-3d-nearest-neighbor-surface-design.md
260,goal_doc_archive_only,0,1,3,1,,docs/history/goals/archive/goal_260_v0_5_3d_point_surface_and_reference_path.md,docs/reports/gemini_goal260_v0_5_3d_point_surface_and_reference_path_review_2026-04-11.md,history/ad_hoc_reviews/2026-04-11-codex-consensus-goal260-v0_5-3d-point-surface-and-reference-path.md
261,goal_doc_archive_only,0,1,3,1,,docs/history/goals/archive/goal_261_v0_5_native_3d_point_contract_closure.md,docs/reports/gemini_goal261_v0_5_native_3d_point_contract_closure_review_2026-04-11.md,history/ad_hoc_reviews/2026-04-11-codex-consensus-goal261-v0_5-native-3d-point-contract-closure.md
262,goal_doc_archive_only,0,1,3,1,,docs/history/goals/archive/goal_262_v0_5_bounded_radius_knn_contract_design.md,docs/reports/gemini_goal262_v0_5_bounded_radius_knn_contract_design_review_2026-04-11.md,history/ad_hoc_reviews/2026-04-11-codex-consensus-goal262-v0_5-bounded-radius-knn-contract-design.md
263,goal_doc_archive_only,0,1,3,1,,docs/history/goals/archive/goal_263_v0_5_bounded_knn_rows_surface.md,docs/reports/gemini_goal263_v0_5_bounded_knn_rows_surface_review_2026-04-11.md,history/ad_hoc_reviews/2026-04-11-codex-consensus-goal263-v0_5-bounded-knn-rows-surface.md
264,goal_doc_archive_only,0,1,3,1,,docs/history/goals/archive/goal_264_v0_5_bounded_knn_rows_cpu_oracle.md,docs/reports/gemini_goal264_v0_5_bounded_knn_rows_cpu_oracle_review_2026-04-11.md,history/ad_hoc_reviews/2026-04-11-codex-consensus-goal264-v0_5-bounded-knn-rows-cpu-oracle.md
265,goal_doc_archive_only,0,1,3,1,,docs/history/goals/archive/goal_265_v0_5_rtnn_dataset_registry.md,docs/reports/gemini_goal265_v0_5_rtnn_dataset_registry_review_2026-04-12.md,history/ad_hoc_reviews/2026-04-12-codex-consensus-goal265-v0_5-rtnn-dataset-registry.md
266,goal_doc_archive_only,0,1,3,1,,docs/history/goals/archive/goal_266_v0_5_rtnn_baseline_registry.md,docs/reports/gemini_goal266_v0_5_rtnn_baseline_registry_review_2026-04-12.md,history/ad_hoc_reviews/2026-04-12-codex-consensus-goal266-v0_5-rtnn-baseline-registry.md
267,goal_doc_archive_only,0,1,3,1,,docs/history/goals/archive/goal_267_v0_5_rtnn_reproduction_matrix.md,docs/reports/gemini_goal267_v0_5_rtnn_reproduction_matrix_review_2026-04-12.md,history/ad_hoc_reviews/2026-04-12-codex-consensus-goal267-v0_5-rtnn-reproduction-matrix.md
268,goal_doc_archive_only,0,1,3,1,,docs/history/goals/archive/goal_268_v0_5_bounded_dataset_manifests.md,docs/reports/gemini_goal268_v0_5_bounded_dataset_manifests_review_2026-04-12.md,history/ad_hoc_reviews/2026-04-12-codex-consensus-goal268-v0_5-bounded-dataset-manifests.md
269,goal_doc_archive_only,0,1,3,1,,docs/history/goals/archive/goal_269_v0_5_cunsearch_adapter_skeleton.md,docs/reports/gemini_goal269_v0_5_cunsearch_adapter_skeleton_review_2026-04-12.md,history/ad_hoc_reviews/2026-04-12-codex-consensus-goal269-v0_5-cunsearch-adapter-skeleton.md
270,goal_doc_archive_only,0,1,3,1,,docs/history/goals/archive/goal_270_v0_5_kitti_bounded_acquisition.md,docs/reports/gemini_goal270_v0_5_kitti_bounded_acquisition_review_2026-04-12.md,history/ad_hoc_reviews/2026-04-12-codex-consensus-goal270-v0_5-kitti-bounded-acquisition.md
271,goal_doc_archive_only,0,1,3,1,,docs/history/goals/archive/goal_271_v0_5_kitti_bounded_loader.md,docs/reports/gemini_goal271_v0_5_kitti_bounded_loader_review_2026-04-12.md,history/ad_hoc_reviews/2026-04-12-codex-consensus-goal271-v0_5-kitti-bounded-loader.md
272,goal_doc_archive_only,0,1,3,1,,docs/history/goals/archive/goal_272_v0_5_kitti_point_package.md,docs/reports/gemini_goal272_v0_5_kitti_point_package_review_2026-04-12.md,history/ad_hoc_reviews/2026-04-12-codex-consensus-goal272-v0_5-kitti-point-package.md
273,goal_doc_archive_only,0,1,3,1,,docs/history/goals/archive/goal_273_v0_5_cunsearch_response_parser.md,docs/reports/gemini_goal273_v0_5_cunsearch_response_parser_review_2026-04-12.md,history/ad_hoc_reviews/2026-04-12-codex-consensus-goal273-v0_5-cunsearch-response-parser.md
274,goal_doc_archive_only,0,1,3,1,,docs/history/goals/archive/goal_274_v0_5_bounded_fixed_radius_comparison.md,docs/reports/gemini_goal274_v0_5_bounded_fixed_radius_comparison_review_2026-04-12.md,history/ad_hoc_reviews/2026-04-12-codex-consensus-goal274-v0_5-bounded-fixed-radius-comparison.md
275,goal_doc_archive_only,0,1,3,1,,docs/history/goals/archive/goal_275_v0_5_cunsearch_live_driver.md,docs/reports/gemini_goal275_v0_5_cunsearch_live_driver_review_2026-04-12.md,history/ad_hoc_reviews/2026-04-12-codex-consensus-goal275-v0_5-cunsearch-live-driver.md
276,goal_doc_archive_only,0,1,3,1,,docs/history/goals/archive/goal_276_v0_5_live_bounded_linux_comparison.md,docs/reports/gemini_goal276_v0_5_live_bounded_linux_comparison_review_2026-04-12.md,history/ad_hoc_reviews/2026-04-12-codex-consensus-goal276-v0_5-live-bounded-linux-comparison.md
277,goal_doc_archive_only,0,1,3,1,,docs/history/goals/archive/goal_277_v0_5_kitti_linux_acquisition_prep.md,docs/reports/gemini_goal277_v0_5_kitti_linux_acquisition_prep_review_2026-04-12.md,history/ad_hoc_reviews/2026-04-12-codex-consensus-goal277-v0_5-kitti-linux-acquisition-prep.md
278,goal_doc_archive_only,0,1,3,1,,docs/history/goals/archive/goal_278_v0_5_real_kitti_layout_and_offset_support.md,docs/reports/gemini_goal278_v0_5_real_kitti_layout_and_offset_support_review_2026-04-12.md,history/ad_hoc_reviews/2026-04-12-codex-consensus-goal278-v0_5-real-kitti-layout-and-offset-support.md
279,goal_doc_archive_only,0,1,3,1,,docs/history/goals/archive/goal_279_v0_5_first_real_kitti_live_comparison.md,docs/reports/gemini_goal279_v0_5_first_real_kitti_live_comparison_review_2026-04-12.md,history/ad_hoc_reviews/2026-04-12-codex-consensus-goal279-v0_5-first-real-kitti-live-comparison.md
280,goal_doc_archive_only,0,1,3,1,,docs/history/goals/archive/goal_280_v0_5_cunsearch_live_precision_hardening.md,docs/reports/gemini_goal280_v0_5_cunsearch_live_precision_hardening_review_2026-04-12.md,history/ad_hoc_reviews/2026-04-12-codex-consensus-goal280-v0_5-cunsearch-live-precision-hardening.md
281,goal_doc_archive_only,0,1,3,1,,docs/history/goals/archive/goal_281_v0_5_postgis_3d_fixed_radius_support.md,docs/reports/gemini_goal281_v0_5_postgis_3d_fixed_radius_support_review_2026-04-12.md,history/ad_hoc_reviews/2026-04-12-codex-consensus-goal281-v0_5-postgis-3d-fixed-radius-support.md
282,goal_doc_archive_only,0,1,3,1,,docs/history/goals/archive/goal_282_v0_5_postgis_3d_index_hardening_and_plan_audit.md,docs/reports/gemini_goal282_v0_5_postgis_3d_index_hardening_and_plan_audit_review_2026-04-12.md,history/ad_hoc_reviews/2026-04-12-codex-consensus-goal282-v0_5-postgis-3d-index-hardening-and-plan-audit.md
283,goal_doc_archive_only,0,1,3,1,,docs/history/goals/archive/goal_283_v0_5_kitti_three_way_performance_result.md,docs/reports/gemini_goal283_v0_5_kitti_three_way_performance_result_review_2026-04-12.md,history/ad_hoc_reviews/2026-04-12-codex-consensus-goal283-v0_5-kitti-three-way-performance-result.md
284,goal_doc_archive_only,0,1,3,1,,docs/history/goals/archive/goal_284_v0_5_kitti_three_way_scaling_boundary.md,docs/reports/gemini_goal284_v0_5_kitti_three_way_scaling_boundary_review_2026-04-12.md,history/ad_hoc_reviews/2026-04-12-codex-consensus-goal284-v0_5-kitti-three-way-scaling-boundary.md
285,goal_doc_archive_only,0,1,3,1,,docs/history/goals/archive/goal_285_v0_5_cunsearch_duplicate_point_boundary.md,docs/reports/gemini_goal285_v0_5_cunsearch_duplicate_point_boundary_review_2026-04-12.md,history/ad_hoc_reviews/2026-04-12-codex-consensus-goal285-v0_5-cunsearch-duplicate-point-boundary.md
286,goal_doc_archive_only,0,1,3,1,,docs/history/goals/archive/goal_286_v0_5_cunsearch_duplicate_guard.md,docs/reports/gemini_goal286_v0_5_cunsearch_duplicate_guard_review_2026-04-12.md,history/ad_hoc_reviews/2026-04-12-codex-consensus-goal286-v0_5-cunsearch-duplicate-guard.md
287,goal_doc_archive_only,0,1,3,1,,docs/history/goals/archive/goal_287_v0_5_kitti_duplicate_free_selector.md,docs/reports/gemini_goal287_v0_5_kitti_duplicate_free_selector_review_2026-04-12.md,history/ad_hoc_reviews/2026-04-12-codex-consensus-goal287-v0_5-kitti-duplicate-free-selector.md
288,goal_doc_archive_only,0,1,3,1,,docs/history/goals/archive/goal_288_v0_5_kitti_duplicate_free_three_way.md,docs/reports/gemini_goal288_v0_5_kitti_duplicate_free_three_way_review_2026-04-12.md,history/ad_hoc_reviews/2026-04-12-codex-consensus-goal288-v0_5-kitti-duplicate-free-three-way.md
289,goal_doc_archive_only,0,1,3,1,,docs/history/goals/archive/goal_289_v0_5_kitti_4096_boundary.md,docs/reports/gemini_goal289_v0_5_kitti_4096_boundary_review_2026-04-12.md,history/ad_hoc_reviews/2026-04-12-codex-consensus-goal289-v0_5-kitti-4096-boundary.md
290,goal_doc_archive_only,0,1,3,1,,docs/history/goals/archive/goal_290_v0_5_kitti_8192_boundary_continuation.md,docs/reports/gemini_goal290_v0_5_kitti_8192_boundary_continuation_review_2026-04-12.md,history/ad_hoc_reviews/2026-04-12-codex-consensus-goal290-v0_5-kitti-8192-boundary-continuation.md
291,goal_doc_archive_only,0,1,3,1,,docs/history/goals/archive/goal_291_v0_5_kitti_16384_boundary_continuation.md,docs/reports/gemini_goal291_v0_5_kitti_16384_boundary_continuation_review_2026-04-12.md,history/ad_hoc_reviews/2026-04-12-codex-consensus-goal291-v0_5-kitti-16384-boundary-continuation.md
292,goal_doc_archive_only,0,1,3,1,,docs/history/goals/archive/goal_292_v0_5_native_3d_fixed_radius_oracle_closure.md,docs/reports/gemini_goal292_v0_5_native_3d_fixed_radius_oracle_closure_review_2026-04-12.md,history/ad_hoc_reviews/2026-04-12-codex-consensus-goal292-v0_5-native-3d-fixed-radius-oracle-closure.md
293,goal_doc_archive_only,0,1,3,1,,docs/history/goals/archive/goal_293_v0_5_native_3d_bounded_knn_oracle_closure.md,docs/reports/gemini_goal293_v0_5_native_3d_bounded_knn_oracle_closure_review_2026-04-12.md,history/ad_hoc_reviews/2026-04-12-codex-consensus-goal293-v0_5-native-3d-bounded-knn-oracle-closure.md
294,goal_doc_archive_only,0,1,3,1,,docs/history/goals/archive/goal_294_kitti_native_vs_postgis_performance.md,docs/reports/gemini_goal294_kitti_native_vs_postgis_performance_review_2026-04-12.md,history/ad_hoc_reviews/2026-04-12-codex-consensus-goal294-kitti-native-vs-postgis-performance.md
295,goal_doc_archive_only,0,1,3,1,,docs/history/goals/archive/goal_295_kitti_bounded_knn_native_vs_postgis_performance.md,docs/reports/gemini_goal295_kitti_bounded_knn_native_vs_postgis_performance_review_2026-04-12.md,history/ad_hoc_reviews/2026-04-12-codex-consensus-goal295-kitti-bounded-knn-native-vs-postgis-performance.md
296,goal_doc_archive_only,0,1,3,1,,docs/history/goals/archive/goal_296_v0_5_native_3d_knn_oracle_closure.md,docs/reports/gemini_goal296_v0_5_native_3d_knn_oracle_closure_review_2026-04-12.md,history/ad_hoc_reviews/2026-04-12-codex-consensus-goal296-v0_5-native-3d-knn-oracle-closure.md
297,goal_doc_archive_only,0,1,3,1,,docs/history/goals/archive/goal_297_kitti_knn_native_vs_postgis_performance.md,docs/reports/gemini_goal297_kitti_knn_native_vs_postgis_performance_review_2026-04-12.md,history/ad_hoc_reviews/2026-04-12-codex-consensus-goal297-kitti-knn-native-vs-postgis-performance.md
298,goal_doc_archive_only,0,1,3,1,,docs/history/goals/archive/goal_298_v0_5_embree_3d_fixed_radius_closure.md,docs/reports/gemini_goal298_v0_5_embree_3d_fixed_radius_closure_review_2026-04-12.md,history/ad_hoc_reviews/2026-04-12-codex-consensus-goal298-v0_5-embree-3d-fixed-radius-closure.md
299,goal_doc_archive_only,0,1,3,1,,docs/history/goals/archive/goal_299_v0_5_embree_3d_bounded_knn_closure.md,docs/reports/gemini_goal299_v0_5_embree_3d_bounded_knn_closure_review_2026-04-12.md,history/ad_hoc_reviews/2026-04-12-codex-consensus-goal299-v0_5-embree-3d-bounded-knn-closure.md
300,goal_doc_archive_only,0,1,3,1,,docs/history/goals/archive/goal_300_v0_5_embree_3d_knn_closure.md,docs/reports/gemini_goal300_v0_5_embree_3d_knn_closure_review_2026-04-12.md,history/ad_hoc_reviews/2026-04-12-codex-consensus-goal300-v0_5-embree-3d-knn-closure.md
301,no_direct_goal_id_artifact_found,0,0,0,0,,,,
302,no_direct_goal_id_artifact_found,0,0,0,0,,,,
303,no_direct_goal_id_artifact_found,0,0,0,0,,,,
304,no_direct_goal_id_artifact_found,0,0,0,0,,,,
305,no_direct_goal_id_artifact_found,0,0,0,0,,,,
306,no_direct_goal_id_artifact_found,0,0,0,0,,,,
307,no_direct_goal_id_artifact_found,0,0,0,0,,,,
308,no_direct_goal_id_artifact_found,0,0,0,0,,,,
309,no_direct_goal_id_artifact_found,0,0,0,0,,,,
310,goal_doc_archive_only,0,1,3,1,,docs/history/goals/archive/goal_310_v0_5_linux_large_scale_embree_nn_perf.md,docs/reports/gemini_goal310_v0_5_linux_large_scale_embree_nn_perf_review_2026-04-12.md,history/ad_hoc_reviews/2026-04-12-codex-consensus-goal310-v0_5-linux-large-scale-embree-nn-perf.md
311,goal_doc_archive_only,0,1,3,1,,docs/history/goals/archive/goal_311_v0_5_optix_3d_nn_closure.md,docs/reports/gemini_goal311_v0_5_optix_3d_nn_closure_review_2026-04-12.md,history/ad_hoc_reviews/2026-04-12-codex-consensus-goal311-v0_5-optix-3d-nn-closure.md
312,goal_doc_archive_only,0,1,3,1,,docs/history/goals/archive/goal_312_v0_5_linux_large_scale_native_embree_optix_perf.md,docs/reports/gemini_goal312_v0_5_linux_large_scale_native_embree_optix_perf_review_2026-04-12.md,history/ad_hoc_reviews/2026-04-12-codex-consensus-goal312-v0_5-linux-large-scale-native-embree-optix-perf.md
313,goal_doc_archive_only,0,1,3,1,,docs/history/goals/archive/goal_313_v0_5_linux_32768_backend_table.md,docs/reports/gemini_goal313_v0_5_linux_32768_backend_table_review_2026-04-12.md,history/ad_hoc_reviews/2026-04-12-codex-consensus-goal313-v0_5-linux-32768-backend-table.md
314,goal_doc_archive_only,0,1,3,1,,docs/history/goals/archive/goal_314_v0_5_current_linux_nn_perf_report.md,docs/reports/gemini_goal314_v0_5_current_linux_nn_perf_report_review_2026-04-12.md,history/ad_hoc_reviews/2026-04-12-codex-consensus-goal314-v0_5-current-linux-nn-perf-report.md
315,goal_doc_archive_only,0,1,3,1,,docs/history/goals/archive/goal_315_v0_5_vulkan_3d_nn_closure.md,docs/reports/gemini_goal315_v0_5_vulkan_3d_nn_closure_review_2026-04-12.md,history/ad_hoc_reviews/2026-04-12-codex-consensus-goal315-v0_5-vulkan-3d-nn-closure.md
316,goal_doc_archive_only,0,1,3,1,,docs/history/goals/archive/goal_316_v0_5_linux_large_scale_embree_optix_vulkan_perf.md,docs/reports/gemini_goal316_v0_5_linux_large_scale_embree_optix_vulkan_perf_review_2026-04-12.md,history/ad_hoc_reviews/2026-04-12-codex-consensus-goal316-v0_5-linux-large-scale-embree-optix-vulkan-perf.md
317,goal_doc_archive_only,0,1,3,1,,docs/history/goals/archive/goal_317_v0_5_current_linux_4backend_nn_perf_report.md,docs/reports/gemini_goal317_v0_5_current_linux_4backend_nn_perf_report_review_2026-04-12.md,history/ad_hoc_reviews/2026-04-12-codex-consensus-goal317-v0_5-current-linux-4backend-nn-perf-report.md
318,goal_doc_archive_only,0,1,3,1,,docs/history/goals/archive/goal_318_v0_5_preview_support_matrix.md,docs/reports/gemini_goal318_v0_5_preview_support_matrix_review_2026-04-12.md,history/ad_hoc_reviews/2026-04-12-codex-consensus-goal318-v0_5-preview-support-matrix.md
319,goal_doc_archive_only,0,1,3,1,,docs/history/goals/archive/goal_319_v0_5_cross_platform_embree_correctness.md,docs/reports/gemini_goal319_v0_5_cross_platform_embree_correctness_review_2026-04-12.md,history/ad_hoc_reviews/2026-04-12-codex-consensus-goal319-v0_5-cross-platform-embree-correctness.md
320,goal_doc_archive_only,0,1,3,1,,docs/history/goals/archive/goal_320_v0_5_preview_readiness_audit.md,docs/reports/gemini_goal320_v0_5_preview_readiness_audit_review_2026-04-12.md,history/ad_hoc_reviews/2026-04-12-codex-consensus-goal320-v0_5-preview-readiness-audit.md
321,goal_doc_archive_only,0,1,3,1,,docs/history/goals/archive/goal_321_v0_5_frontpage_clarity.md,docs/reports/gemini_goal321_v0_5_frontpage_clarity_review_2026-04-12.md,history/ad_hoc_reviews/2026-04-12-codex-consensus-goal321-v0_5-frontpage-clarity.md
322,goal_doc_archive_only,0,1,2,1,,docs/history/goals/archive/goal_322_v0_5_comprehensive_transition_audit_adoption.md,docs/reports/goal322_v0_5_comprehensive_transition_audit_adoption_2026-04-12.md,history/ad_hoc_reviews/2026-04-12-codex-consensus-goal322-v0_5-comprehensive-transition-audit-adoption.md
323,goal_doc_archive_only,0,1,3,1,,docs/history/goals/archive/goal_323_v0_5_call_for_test_publish.md,docs/reports/gemini_goal323_v0_5_call_for_test_publish_review_2026-04-12.md,history/ad_hoc_reviews/2026-04-12-codex-consensus-goal323-v0_5-call-for-test-publish.md
324,goal_doc_archive_only,0,1,2,1,,docs/history/goals/archive/goal_324_v0_5_final_preview_session_audit_adoption.md,docs/reports/goal324_v0_5_final_preview_session_audit_adoption_2026-04-12.md,history/ad_hoc_reviews/2026-04-12-codex-consensus-goal324-v0_5-final-preview-session-audit-adoption.md
325,goal_doc_archive_only,0,1,3,1,,docs/history/goals/archive/goal_325_v0_5_newcomer_doc_hardening.md,docs/reports/gemini_goal325_v0_5_newcomer_doc_hardening_review_2026-04-12.md,history/ad_hoc_reviews/2026-04-12-codex-consensus-goal325-v0_5-newcomer-doc-hardening.md
326,goal_doc_archive_only,0,1,2,1,,docs/history/goals/archive/goal_326_v0_5_external_aggressive_user_audit_adoption.md,docs/reports/goal326_v0_5_external_aggressive_user_audit_adoption_2026-04-12.md,history/ad_hoc_reviews/2026-04-12-codex-consensus-goal326-v0_5-external-aggressive-user-audit-adoption.md
327,goal_doc_archive_only,0,1,2,1,,docs/history/goals/archive/goal_327_v0_5_full_repo_audit_adoption.md,docs/reports/goal327_v0_5_full_repo_audit_adoption_2026-04-12.md,history/ad_hoc_reviews/2026-04-12-codex-consensus-goal327-v0_5-full-repo-audit-adoption.md
328,goal_doc_archive_only,0,1,3,1,,docs/history/goals/archive/goal_328_v0_5_layout_types_collision_fix.md,docs/reports/gemini_goal328_v0_5_layout_types_collision_fix_review_2026-04-12.md,history/ad_hoc_reviews/2026-04-12-codex-consensus-goal328-v0_5-layout-types-collision-fix.md
329,goal_doc_archive_only,0,1,3,1,,docs/history/goals/archive/goal_329_v0_5_remove_stale_types_module.md,docs/reports/gemini_goal329_v0_5_remove_stale_types_module_review_2026-04-12.md,history/ad_hoc_reviews/2026-04-12-codex-consensus-goal329-v0_5-remove-stale-types-module.md
330,goal_doc_archive_only,0,1,3,1,,docs/history/goals/archive/goal_330_v0_5_pre_release_package.md,docs/reports/gemini_goal330_v0_5_pre_release_package_review_2026-04-12.md,history/ad_hoc_reviews/2026-04-12-codex-consensus-goal330-v0_5-pre-release-package.md
331,goal_doc_archive_only,0,1,3,1,,docs/history/goals/archive/goal_331_v0_5_pre_release_code_test_sweep.md,docs/reports/gemini_goal331_v0_5_pre_release_code_test_sweep_review_2026-04-12.md,history/ad_hoc_reviews/2026-04-12-codex-consensus-goal331-v0_5-pre-release-code-test-sweep.md
332,goal_doc_archive_only,0,1,3,1,,docs/history/goals/archive/goal_332_v0_5_pre_release_audit_pass.md,docs/reports/gemini_goal332_v0_5_pre_release_audit_pass_review_2026-04-13.md,history/ad_hoc_reviews/2026-04-13-codex-consensus-goal332-v0_5-pre-release-audit-pass.md
333,goal_doc_archive_only,0,1,3,1,,docs/history/goals/archive/goal_333_v0_5_public_docs_total_review_project.md,docs/reports/gemini_goal333_v0_5_public_docs_total_review_2026-04-13.md,history/ad_hoc_reviews/2026-04-13-codex-consensus-goal333-v0_5-public-docs-total-review.md
334,goal_doc_archive_only,0,1,3,1,,docs/history/goals/archive/goal_334_v0_5_final_external_review_round.md,docs/reports/gemini_goal334_v0_5_final_external_review_round_2026-04-13.md,history/ad_hoc_reviews/2026-04-13-codex-consensus-goal334-v0_5-final-external-review-round.md
335,goal_doc_archive_only,0,1,3,1,,docs/history/goals/archive/goal_335_v0_5_final_release_package.md,docs/reports/gemini_goal335_v0_5_final_release_package_review_2026-04-13.md,history/ad_hoc_reviews/2026-04-13-codex-consensus-goal335-v0_5-final-release-package.md
336,goal_doc_archive_only,0,1,3,1,,docs/history/goals/archive/goal_336_v0_5_release_make.md,docs/reports/gemini_goal336_v0_5_release_make_review_2026-04-13.md,history/ad_hoc_reviews/2026-04-13-codex-consensus-goal336-v0_5-release-make.md
337,no_direct_goal_id_artifact_found,0,0,0,0,,,,
338,no_direct_goal_id_artifact_found,0,0,0,0,,,,
339,no_direct_goal_id_artifact_found,0,0,0,0,,,,
340,no_direct_goal_id_artifact_found,0,0,0,0,,,,
341,no_direct_goal_id_artifact_found,0,0,0,0,,,,
342,no_direct_goal_id_artifact_found,0,0,0,0,,,,
343,no_direct_goal_id_artifact_found,0,0,0,0,,,,
344,no_direct_goal_id_artifact_found,0,0,0,0,,,,
345,no_direct_goal_id_artifact_found,0,0,0,0,,,,
346,no_direct_goal_id_artifact_found,0,0,0,0,,,,
347,no_direct_goal_id_artifact_found,0,0,0,0,,,,
348,no_direct_goal_id_artifact_found,0,0,0,0,,,,
349,no_direct_goal_id_artifact_found,0,0,0,0,,,,
350,no_direct_goal_id_artifact_found,0,0,0,0,,,,
351,no_direct_goal_id_artifact_found,0,0,0,0,,,,
352,no_direct_goal_id_artifact_found,0,0,0,0,,,,
353,no_direct_goal_id_artifact_found,0,0,0,0,,,,
354,no_direct_goal_id_artifact_found,0,0,0,0,,,,
355,no_direct_goal_id_artifact_found,0,0,0,0,,,,
356,no_direct_goal_id_artifact_found,0,0,0,0,,,,
357,no_direct_goal_id_artifact_found,0,0,0,0,,,,
358,no_direct_goal_id_artifact_found,0,0,0,0,,,,
359,no_direct_goal_id_artifact_found,0,0,0,0,,,,
360,no_direct_goal_id_artifact_found,0,0,0,0,,,,
361,no_direct_goal_id_artifact_found,0,0,0,0,,,,
362,no_direct_goal_id_artifact_found,0,0,0,0,,,,
363,no_direct_goal_id_artifact_found,0,0,0,0,,,,
364,no_direct_goal_id_artifact_found,0,0,0,0,,,,
365,no_direct_goal_id_artifact_found,0,0,0,0,,,,
366,no_direct_goal_id_artifact_found,0,0,0,0,,,,
367,no_direct_goal_id_artifact_found,0,0,0,0,,,,
368,no_direct_goal_id_artifact_found,0,0,0,0,,,,
369,no_direct_goal_id_artifact_found,0,0,0,0,,,,
370,no_direct_goal_id_artifact_found,0,0,0,0,,,,
371,no_direct_goal_id_artifact_found,0,0,0,0,,,,
372,no_direct_goal_id_artifact_found,0,0,0,0,,,,
373,no_direct_goal_id_artifact_found,0,0,0,0,,,,
374,no_direct_goal_id_artifact_found,0,0,0,0,,,,
375,no_direct_goal_id_artifact_found,0,0,0,0,,,,
376,no_direct_goal_id_artifact_found,0,0,0,0,,,,
377,no_direct_goal_id_artifact_found,0,0,0,0,,,,
378,no_direct_goal_id_artifact_found,0,0,0,0,,,,
379,no_direct_goal_id_artifact_found,0,0,0,0,,,,
380,no_direct_goal_id_artifact_found,0,0,0,0,,,,
381,no_direct_goal_id_artifact_found,0,0,0,0,,,,
382,no_direct_goal_id_artifact_found,0,0,0,0,,,,
383,no_direct_goal_id_artifact_found,0,0,0,0,,,,
384,no_direct_goal_id_artifact_found,0,0,0,0,,,,
385,goal_doc_archive_only,0,1,3,1,,docs/history/goals/archive/goal_385_v0_6_rt_graph_version_plan.md,docs/reports/gemini_goal385_v0_6_rt_graph_version_plan_review_2026-04-14.md,history/ad_hoc_reviews/2026-04-14-codex-consensus-goal385-v0_6-rt-graph-version-plan.md
386,goal_doc_archive_only,0,1,4,1,,docs/history/goals/archive/goal_386_v0_6_rt_graph_kernel_surface_design.md,docs/reports/claude_goal386_v0_6_rt_graph_kernel_surface_design_review_2026-04-14.md,history/ad_hoc_reviews/2026-04-14-codex-consensus-goal386-v0_6-rt-graph-kernel-surface-design.md
387,goal_doc_archive_only,0,1,5,1,,docs/history/goals/archive/goal_387_v0_6_rt_graph_execution_interpretation.md,docs/reports/claude_goal387_v0_6_rt_graph_execution_interpretation_review_2026-04-14.md,history/ad_hoc_reviews/2026-04-14-codex-consensus-goal387-v0_6-rt-graph-execution-interpretation.md
388,goal_doc_archive_only,0,1,4,1,,docs/history/goals/archive/goal_388_v0_6_rt_graph_lowering_runtime_contract.md,docs/reports/claude_goal388_v0_6_rt_graph_lowering_runtime_contract_review_2026-04-14.md,history/ad_hoc_reviews/2026-04-14-codex-consensus-goal388-v0_6-rt-graph-lowering-runtime-contract.md
389,goal_doc_archive_only,0,1,4,1,,docs/history/goals/archive/goal_389_v0_6_rt_kernel_bfs_python_truth_path.md,docs/reports/claude_goal389_v0_6_rt_kernel_bfs_python_truth_path_review_2026-04-14.md,history/ad_hoc_reviews/2026-04-14-codex-consensus-goal389-v0_6-rt-kernel-bfs-python-truth-path.md
390,goal_doc_archive_only,0,1,3,1,,docs/history/goals/archive/goal_390_v0_6_rt_kernel_triangle_python_truth_path.md,docs/reports/claude_goal390_v0_6_rt_kernel_triangle_python_truth_path_review_2026-04-14.md,history/ad_hoc_reviews/2026-04-14-codex-consensus-goal390-v0_6-rt-kernel-triangle-python-truth-path.md
391,goal_doc_archive_only,0,1,3,1,,docs/history/goals/archive/goal_391_v0_6_rt_kernel_bfs_oracle_truth_path.md,docs/reports/gemini_goal391_v0_6_rt_kernel_bfs_oracle_truth_path_review_2026-04-14.md,history/ad_hoc_reviews/2026-04-14-codex-consensus-goal391-v0_6-rt-kernel-bfs-oracle-truth-path.md
392,goal_doc_archive_only,0,1,3,1,,docs/history/goals/archive/goal_392_v0_6_rt_kernel_triangle_oracle_truth_path.md,docs/reports/gemini_goal392_v0_6_rt_kernel_triangle_oracle_truth_path_review_2026-04-14.md,history/ad_hoc_reviews/2026-04-14-codex-consensus-goal392-v0_6-rt-kernel-triangle-oracle-truth-path.md
393,goal_doc_archive_only,0,1,3,1,,docs/history/goals/archive/goal_393_v0_6_embree_rt_graph_mapping_and_bfs_closure.md,docs/reports/gemini_goal393_v0_6_embree_rt_graph_mapping_and_bfs_closure_review_2026-04-14.md,history/ad_hoc_reviews/2026-04-14-codex-consensus-goal393-v0_6-embree-rt-graph-mapping-and-bfs-closure.md
394,goal_doc_archive_only,0,1,3,1,,docs/history/goals/archive/goal_394_v0_6_optix_rt_graph_mapping_and_bfs_closure.md,docs/reports/gemini_goal394_v0_6_optix_rt_graph_mapping_and_bfs_closure_review_2026-04-14.md,history/ad_hoc_reviews/2026-04-14-codex-consensus-goal394-v0_6-optix-rt-graph-mapping-and-bfs-closure.md
395,goal_doc_archive_only,0,1,3,1,,docs/history/goals/archive/goal_395_v0_6_vulkan_rt_graph_mapping_and_bfs_closure.md,docs/reports/gemini_goal395_v0_6_vulkan_rt_graph_mapping_and_bfs_closure_review_2026-04-14.md,history/ad_hoc_reviews/2026-04-14-codex-consensus-goal395-v0_6-vulkan-rt-graph-mapping-and-bfs-closure.md
396,goal_doc_archive_only,0,1,3,1,,docs/history/goals/archive/goal_396_v0_6_embree_rt_graph_mapping_and_triangle_closure.md,docs/reports/gemini_goal396_v0_6_embree_rt_graph_mapping_and_triangle_closure_review_2026-04-14.md,history/ad_hoc_reviews/2026-04-14-codex-consensus-goal396-v0_6-embree-rt-graph-mapping-and-triangle-closure.md
397,goal_doc_archive_only,0,1,3,1,,docs/history/goals/archive/goal_397_v0_6_optix_rt_graph_mapping_and_triangle_closure.md,docs/reports/gemini_goal397_v0_6_optix_rt_graph_mapping_and_triangle_closure_review_2026-04-14.md,history/ad_hoc_reviews/2026-04-14-codex-consensus-goal397-v0_6-optix-rt-graph-mapping-and-triangle-closure.md
398,goal_doc_archive_only,0,1,4,1,,docs/history/goals/archive/goal_398_v0_6_vulkan_rt_graph_mapping_and_triangle_closure.md,docs/reports/claude_goal398_v0_6_vulkan_rt_graph_mapping_and_triangle_closure_review_2026-04-14.md,history/ad_hoc_reviews/2026-04-14-codex-consensus-goal398-v0_6-vulkan-rt-graph-mapping-and-triangle-closure.md
399,goal_doc_archive_only,0,1,3,1,,docs/history/goals/archive/goal_399_v0_6_rt_multi_backend_correctness_and_perf_gate.md,docs/reports/gemini_goal399_v0_6_rt_multi_backend_correctness_and_perf_gate_review_2026-04-14.md,history/ad_hoc_reviews/2026-04-14-codex-consensus-goal399-v0_6-rt-multi-backend-correctness-and-perf-gate.md
400,goal_doc_archive_only,0,1,4,1,,docs/history/goals/archive/goal_400_v0_6_postgresql_backed_all_engine_correctness_gate.md,docs/reports/claude_goal400_v0_6_postgresql_backed_all_engine_correctness_gate_review_2026-04-14.md,history/ad_hoc_reviews/2026-04-14-codex-consensus-goal400-v0_6-postgresql-backed-all-engine-correctness-gate.md
401,goal_doc_archive_only,0,1,3,1,,docs/history/goals/archive/goal_401_v0_6_large_scale_engine_perf_gate.md,docs/reports/gemini_goal401_v0_6_large_scale_engine_perf_gate_review_2026-04-14.md,history/ad_hoc_reviews/2026-04-14-codex-consensus-goal401-v0_6-large-scale-engine-perf-gate.md
402,goal_doc_archive_only,0,1,2,1,,docs/history/goals/archive/goal_402_v0_6_rt_graph_final_correctness_and_performance_closure.md,docs/reports/goal402_v0_6_rt_graph_final_correctness_and_performance_closure_2026-04-14.md,history/ad_hoc_reviews/2026-04-14-codex-consensus-goal402-v0_6-rt-graph-final-correctness-and-performance-closure.md
403,goal_doc_archive_only,0,1,4,1,,docs/history/goals/archive/goal_403_v0_6_pre_release_code_and_test_cleanup.md,docs/reports/claude_goal403_v0_6_pre_release_code_and_test_cleanup_review_2026-04-14.md,history/ad_hoc_reviews/2026-04-15-codex-consensus-goal403-v0_6-pre-release-code-and-test-cleanup.md
404,goal_doc_archive_only,0,1,4,1,,docs/history/goals/archive/goal_404_v0_6_pre_release_doc_check.md,docs/reports/claude_goal404_v0_6_pre_release_doc_check_review_2026-04-14.md,history/ad_hoc_reviews/2026-04-15-codex-consensus-goal404-v0_6-pre-release-doc-check.md
405,goal_doc_archive_only,0,1,4,1,,docs/history/goals/archive/goal_405_v0_6_pre_release_flow_audit.md,docs/reports/claude_goal405_v0_6_pre_release_flow_audit_review_2026-04-14.md,history/ad_hoc_reviews/2026-04-15-codex-consensus-goal405-v0_6-pre-release-flow-audit.md
406,goal_doc_archive_only,0,1,4,1,,docs/history/goals/archive/goal_406_v0_6_release_hold_after_internal_gates.md,docs/reports/claude_goal406_v0_6_release_hold_after_internal_gates_review_2026-04-14.md,history/ad_hoc_reviews/2026-04-15-codex-consensus-goal406-v0_6-release-hold-after-internal-gates.md
407,goal_doc_archive_only,0,1,1,0,,docs/history/goals/archive/goal_407_v0_6_1_release_decision.md,docs/reports/goal407_v0_6_1_release_decision_2026-04-15.md,
408,goal_doc_archive_only,0,1,1,0,,docs/history/goals/archive/goal_408_v0_6_1_git_release_act.md,docs/reports/goal408_v0_6_1_git_release_act_2026-04-15.md,
409,goal_doc_archive_only,0,1,5,1,,docs/history/goals/archive/goal_409_repo_wide_file_status_audit.md,docs/reports/goal409_ai_checker_review_2026-04-15.md,history/ad_hoc_reviews/2026-04-15-codex-consensus-goal409-repo-wide-file-status-audit.md
410,goal_doc_archive_only,0,1,7,1,,docs/history/goals/archive/goal_410_tutorial_and_example_cross_platform_check.md,docs/reports/goal410_ai_checker_review_2026-04-15.md,history/ad_hoc_reviews/2026-04-15-codex-consensus-goal410-tutorial-and-example-cross-platform-check.md
411,goal_doc_archive_only,0,1,5,1,,docs/history/goals/archive/goal_411_public_surface_ci_automation.md,docs/reports/goal411_ai_checker_review_2026-04-15.md,history/ad_hoc_reviews/2026-04-15-codex-consensus-goal411-public-surface-ci-automation.md
412,goal_doc_archive_only,0,1,4,1,,docs/history/goals/archive/goal_412_rt_db_workload_analysis_for_next_version.md,docs/reports/claude_goal412_rt_db_workload_analysis_for_next_version_review_2026-04-15.md,history/ad_hoc_reviews/2026-04-15-codex-consensus-goal412-rt-db-workload-analysis-for-next-version.md
413,goal_doc_archive_only,0,1,3,1,,docs/history/goals/archive/goal_413_v0_7_rt_db_workload_scope_and_goal_ladder.md,docs/reports/gemini_goal413_v0_7_rt_db_workload_scope_and_goal_ladder_review_2026-04-15.md,history/ad_hoc_reviews/2026-04-15-codex-consensus-goal413-v0_7-rt-db-workload-scope-and-goal-ladder.md
414,goal_doc_archive_only,0,1,4,1,,docs/history/goals/archive/goal_414_v0_7_rt_db_kernel_surface.md,docs/reports/claude_goal414_v0_7_rt_db_kernel_surface_review_2026-04-15.md,history/ad_hoc_reviews/2026-04-15-codex-consensus-goal414-v0_7-rt-db-kernel-surface.md
415,goal_doc_archive_only,0,1,6,1,,docs/history/goals/archive/goal_415_v0_7_rt_db_execution_interpretation.md,docs/reports/claude_goal415_416_v0_7_rt_db_execution_and_lowering_review_2026-04-15.md,history/ad_hoc_reviews/2026-04-15-codex-consensus-goal415-v0_7-rt-db-execution-interpretation.md
416,goal_doc_archive_only,0,1,2,1,,docs/history/goals/archive/goal_416_v0_7_rt_db_lowering_runtime_contract.md,docs/reports/goal416_v0_7_rt_db_lowering_runtime_contract_2026-04-15.md,history/ad_hoc_reviews/2026-04-15-codex-consensus-goal416-v0_7-rt-db-lowering-runtime-contract.md
417,goal_doc_archive_only,0,1,4,1,,docs/history/goals/archive/goal_417_v0_7_rt_db_conjunctive_scan_python_truth_path.md,docs/reports/claude_goal417_v0_7_rt_db_conjunctive_scan_python_truth_path_review_2026-04-15.md,history/ad_hoc_reviews/2026-04-15-codex-consensus-goal417-v0_7-rt-db-conjunctive-scan-python-truth-path.md
418,goal_doc_archive_only,0,1,4,1,,docs/history/goals/archive/goal_418_v0_7_rt_db_grouped_count_python_truth_path.md,docs/reports/claude_goal418_v0_7_rt_db_grouped_count_python_truth_path_review_2026-04-15.md,history/ad_hoc_reviews/2026-04-15-codex-consensus-goal418-v0_7-rt-db-grouped-count-python-truth-path.md
419,goal_doc_archive_only,0,1,4,1,,docs/history/goals/archive/goal_419_v0_7_rt_db_grouped_sum_python_truth_path.md,docs/reports/claude_goal419_v0_7_rt_db_grouped_sum_python_truth_path_review_2026-04-15.md,history/ad_hoc_reviews/2026-04-15-codex-consensus-goal419-v0_7-rt-db-grouped-sum-python-truth-path.md
420,goal_doc_archive_only,0,1,3,1,,docs/history/goals/archive/goal_420_v0_7_rt_db_conjunctive_scan_native_oracle_truth_path.md,docs/reports/claude_goal420_v0_7_rt_db_conjunctive_scan_native_oracle_truth_path_review_2026-04-15.md,history/ad_hoc_reviews/2026-04-15-codex-consensus-goal420-v0_7-rt-db-conjunctive-scan-native-oracle-truth-path.md
421,goal_doc_archive_only,0,1,3,1,,docs/history/goals/archive/goal_421_v0_7_rt_db_grouped_count_native_oracle_truth_path.md,docs/reports/claude_goal421_v0_7_rt_db_grouped_count_native_oracle_truth_path_review_2026-04-15.md,history/ad_hoc_reviews/2026-04-15-codex-consensus-goal421-v0_7-rt-db-grouped-count-native-oracle-truth-path.md
422,goal_doc_archive_only,0,1,3,1,,docs/history/goals/archive/goal_422_v0_7_rt_db_grouped_sum_native_oracle_truth_path.md,docs/reports/claude_goal422_v0_7_rt_db_grouped_sum_native_oracle_truth_path_review_2026-04-15.md,history/ad_hoc_reviews/2026-04-15-codex-consensus-goal422-v0_7-rt-db-grouped-sum-native-oracle-truth-path.md
423,report_or_review_only,0,0,4,1,,,docs/reports/claude_goal423_v0_7_postgresql_db_correctness_review_2026-04-15.md,history/ad_hoc_reviews/2026-04-15-codex-consensus-goal423-v0_7-postgresql-db-correctness.md
424,report_or_review_only,0,0,4,1,,,docs/reports/claude_goal424_v0_7_postgresql_db_grouped_correctness_review_2026-04-15.md,history/ad_hoc_reviews/2026-04-15-codex-consensus-goal424-v0_7-postgresql-db-grouped-correctness.md
425,no_direct_goal_id_artifact_found,0,0,0,0,,,,
426,goal_doc_archive_only,0,1,7,0,,docs/history/goals/archive/goal_426_v0_7_rt_db_embree_backend_closure.md,docs/reports/claude_goal426_v0_7_rt_db_embree_backend_closure_review_2026-04-15.md,
427,goal_doc_archive_only,0,1,4,1,,docs/history/goals/archive/goal_427_v0_7_rt_db_optix_backend_closure.md,docs/reports/goal427_external_review_2026-04-15.md,history/ad_hoc_reviews/2026-04-15-codex-consensus-goal427-v0_7-rt-db-optix-backend-closure.md
428,goal_doc_archive_only,0,1,4,1,,docs/history/goals/archive/goal_428_v0_7_rt_db_vulkan_backend_closure.md,docs/reports/goal428_external_review_2026-04-15.md,history/ad_hoc_reviews/2026-04-15-codex-consensus-goal428-v0_7-rt-db-vulkan-backend-closure.md
429,goal_doc_archive_only,0,1,3,1,,docs/history/goals/archive/goal_429_v0_7_rt_db_cross_engine_postgresql_correctness_gate.md,docs/reports/goal429_external_review_2026-04-15.md,history/ad_hoc_reviews/2026-04-15-codex-consensus-goal429-v0_7-rt-db-cross-engine-postgresql-correctness-gate.md
430,goal_doc_archive_only,0,1,4,1,,docs/history/goals/archive/goal_430_v0_7_rt_db_perf_gate.md,docs/reports/goal430_external_review_2026-04-15.md,history/ad_hoc_reviews/2026-04-15-codex-consensus-goal430-v0_7-rt-db-perf-gate.md
431,goal_doc_archive_only,0,1,3,1,,docs/history/goals/archive/goal_431_v0_7_rt_db_release_gates.md,docs/reports/goal431_external_review_2026-04-15.md,history/ad_hoc_reviews/2026-04-15-codex-consensus-goal431-v0_7-rt-db-release-gates.md
432,report_or_review_only,0,0,4,1,,,docs/reports/goal432_db_phase_split_perf_linux_2026-04-15.json,history/ad_hoc_reviews/2026-04-15-codex-consensus-goal432-v0_7-rt-db-phase-split-perf-clarification.md
433,report_or_review_only,0,0,3,1,,,docs/reports/goal433_external_review_2026-04-16.md,history/ad_hoc_reviews/2026-04-16-codex-consensus-goal433-v0_7-native-prepared-db-dataset-contract.md
434,report_or_review_only,0,0,4,1,,,docs/reports/goal434_embree_native_prepared_db_dataset_linux_2026-04-16.json,history/ad_hoc_reviews/2026-04-16-codex-consensus-goal434-v0_7-embree-native-prepared-db-dataset.md
435,report_or_review_only,0,0,4,1,,,docs/reports/goal435_external_review_2026-04-16.md,history/ad_hoc_reviews/2026-04-16-codex-consensus-goal435-v0_7-optix-native-prepared-db-dataset.md
436,report_or_review_only,0,0,4,1,,,docs/reports/goal436_external_review_2026-04-16.md,history/ad_hoc_reviews/2026-04-16-codex-consensus-goal436-v0_7-vulkan-native-prepared-db-dataset.md
437,report_or_review_only,0,0,4,1,,,docs/reports/goal437_external_review_2026-04-16.md,history/ad_hoc_reviews/2026-04-16-codex-consensus-goal437-v0_7-rt-db-repeated-query-perf-gate.md
438,report_or_review_only,0,0,3,1,,,docs/reports/goal438_external_review_2026-04-16.md,history/ad_hoc_reviews/2026-04-16-codex-consensus-goal438-v0_7-release-gate-refresh-after-native-prepared-db.md
439,report_or_review_only,0,0,2,0,,,docs/reports/goal439_external_tester_report_intake_ledger_2026-04-16.md,
440,report_or_review_only,0,0,4,1,,,docs/reports/goal440_embree_columnar_transfer_perf_linux_2026-04-16.json,history/ad_hoc_reviews/2026-04-16-codex-consensus-goal440-v0_7-embree-columnar-prepared-db-dataset-transfer.md
441,report_or_review_only,0,0,4,1,,,docs/reports/goal441_external_review_2026-04-16.md,history/ad_hoc_reviews/2026-04-16-codex-consensus-goal441-v0_7-optix-columnar-prepared-db-dataset-transfer.md
442,report_or_review_only,0,0,4,1,,,docs/reports/goal442_external_review_2026-04-16.md,history/ad_hoc_reviews/2026-04-16-codex-consensus-goal442-v0_7-vulkan-columnar-prepared-db-dataset-transfer.md
443,report_or_review_only,0,0,4,1,,,docs/reports/goal443_columnar_repeated_query_perf_linux_2026-04-16.json,history/ad_hoc_reviews/2026-04-16-codex-consensus-goal443-v0_7-columnar-repeated-query-perf-gate.md
444,report_or_review_only,0,0,3,1,,,docs/reports/goal444_external_review_2026-04-16.md,history/ad_hoc_reviews/2026-04-16-codex-consensus-goal444-v0_7-release-docs-refresh-after-columnar-transfer.md
445,report_or_review_only,0,0,5,1,,,docs/reports/goal445_external_review_2026-04-16.md,history/ad_hoc_reviews/2026-04-16-codex-consensus-goal445-v0_7-high-level-prepared-db-columnar-default.md
446,report_or_review_only,0,0,3,1,,,docs/reports/goal446_external_review_2026-04-16.md,history/ad_hoc_reviews/2026-04-16-codex-consensus-goal446-v0_7-post-columnar-db-regression-sweep.md
447,report_or_review_only,0,0,3,1,,,docs/reports/goal447_external_review_2026-04-16.md,history/ad_hoc_reviews/2026-04-16-codex-consensus-goal447-v0_7-db-columnar-packaging-readiness-audit.md
448,report_or_review_only,0,0,3,1,,,docs/reports/goal448_external_review_2026-04-16.md,history/ad_hoc_reviews/2026-04-16-codex-consensus-goal448-v0_7-db-columnar-packaging-manifest.md
449,report_or_review_only,0,0,6,1,,,docs/reports/goal449_external_review_2026-04-16.md,history/ad_hoc_reviews/2026-04-16-codex-consensus-goal449-v0_7-packaging-manifest-validation-gate.md
450,report_or_review_only,0,0,4,1,,,docs/reports/goal450_columnar_repeated_query_perf_linux_2026-04-16.json,history/ad_hoc_reviews/2026-04-16-codex-consensus-goal450-v0_7-linux-correctness-and-performance-refresh.md
451,report_or_review_only,0,0,4,1,,,docs/reports/goal451_external_review_2026-04-16.md,history/ad_hoc_reviews/2026-04-16-codex-consensus-goal451-v0_7-postgresql-baseline-index-audit.md
452,report_or_review_only,0,0,6,1,,,docs/reports/goal452_external_review_2026-04-16.md,history/ad_hoc_reviews/2026-04-16-codex-consensus-goal452-v0_7-rtdl-vs-best-tested-postgresql-perf-rebase.md
453,report_or_review_only,0,0,3,1,,,docs/reports/goal453_external_review_2026-04-16.md,history/ad_hoc_reviews/2026-04-16-codex-consensus-goal453-v0_7-release-facing-performance-wording-refresh.md
454,report_or_review_only,0,0,4,1,,,docs/reports/goal454_external_review_2026-04-16.md,history/ad_hoc_reviews/2026-04-16-codex-consensus-goal454-v0_7-post-wording-evidence-package-validation.md
455,report_or_review_only,0,0,3,1,,,docs/reports/goal455_external_review_2026-04-16.md,history/ad_hoc_reviews/2026-04-16-codex-consensus-goal455-v0_7-post-454-packaging-manifest-refresh.md
456,report_or_review_only,0,0,5,1,,,docs/reports/goal456_external_review_2026-04-16.md,history/ad_hoc_reviews/2026-04-16-codex-consensus-goal456-v0_7-pre-stage-filelist-ledger.md
457,report_or_review_only,0,0,3,1,,,docs/reports/goal457_external_review_2026-04-16.md,history/ad_hoc_reviews/2026-04-16-codex-consensus-goal457-v0_7-manual-review-path-resolution.md
458,report_or_review_only,0,0,4,1,,,docs/reports/goal458_external_review_2026-04-16.md,history/ad_hoc_reviews/2026-04-16-codex-consensus-goal458-v0_7-pre-stage-validation-gate.md
459,report_or_review_only,0,0,4,1,,,docs/reports/goal459_dry_run_staging_command_plan_2026-04-16.json,history/ad_hoc_reviews/2026-04-16-codex-consensus-goal459-v0_7-dry-run-staging-command-plan.md
460,report_or_review_only,0,0,3,1,,,docs/reports/goal460_external_review_2026-04-16.md,history/ad_hoc_reviews/2026-04-16-codex-consensus-goal460-v0_7-ready-to-stage-final-hold.md
461,report_or_review_only,0,0,3,1,,,docs/reports/goal461_external_review_2026-04-16.md,history/ad_hoc_reviews/2026-04-16-codex-consensus-goal461-v0_7-db-app-demo.md
462,report_or_review_only,0,0,3,1,,,docs/reports/goal462_external_review_2026-04-16.md,history/ad_hoc_reviews/2026-04-16-codex-consensus-goal462-v0_7-db-kernel-app-demo.md
463,report_or_review_only,0,0,10,1,,,docs/reports/goal463_external_review_2026-04-16.md,history/ad_hoc_reviews/2026-04-16-codex-consensus-goal463-v0_7-post-demo-pre-stage-refresh.md
464,report_or_review_only,0,0,8,1,,,docs/reports/goal464_external_review_2026-04-16.md,history/ad_hoc_reviews/2026-04-16-codex-consensus-goal464-v0_7-linux-fresh-checkout-validation.md
465,report_or_review_only,0,0,10,1,,,docs/reports/goal465_external_review_2026-04-16.md,history/ad_hoc_reviews/2026-04-16-codex-consensus-goal465-v0_7-post-linux-fresh-pre-stage-refresh.md
466,report_or_review_only,0,0,3,1,,,docs/reports/goal466_external_review_2026-04-16.md,history/ad_hoc_reviews/2026-04-16-codex-consensus-goal466-v0_7-release-reports-refresh-after-linux-fresh.md
467,report_or_review_only,0,0,3,1,,,docs/reports/goal467_external_review_2026-04-16.md,history/ad_hoc_reviews/2026-04-16-codex-consensus-goal467-v0_7-external-test-report-response.md
468,report_or_review_only,0,0,2,1,,,docs/reports/goal468_external_review_2026-04-16.md,history/ad_hoc_reviews/2026-04-16-codex-consensus-goal468-v0_7-release-reports-refresh-after-external-response.md
469,report_or_review_only,0,0,2,1,,,docs/reports/goal469_external_review_2026-04-16.md,history/ad_hoc_reviews/2026-04-16-codex-consensus-goal469-v0_7-db-attack-report-gap-closure.md
470,report_or_review_only,0,0,8,1,,,docs/reports/goal470_claude_test_review_audit_2026-04-16.md,history/ad_hoc_reviews/2026-04-16-codex-consensus-goal470-v0_7-pre-release-test-doc-audit.md
471,report_or_review_only,0,0,2,1,,,docs/reports/goal471_external_review_2026-04-16.md,history/ad_hoc_reviews/2026-04-16-codex-consensus-goal471-v0_7-external-v0_6_1-expert-attack-suite-intake.md
472,report_or_review_only,0,0,2,1,,,docs/reports/goal472_external_review_2026-04-16.md,history/ad_hoc_reviews/2026-04-16-codex-consensus-goal472-v0_7-release-reports-refresh-after-goal471.md
473,report_or_review_only,0,0,3,1,,,docs/reports/goal473_external_review_2026-04-16.md,history/ad_hoc_reviews/2026-04-16-codex-consensus-goal473-v0_7-post-goal472-release-evidence-audit.md
474,report_or_review_only,0,0,5,1,,,docs/reports/goal474_external_review_2026-04-16.md,history/ad_hoc_reviews/2026-04-16-codex-consensus-goal474-v0_7-post-goal473-pre-stage-refresh.md
475,report_or_review_only,0,0,5,1,,,docs/reports/goal475_external_input_manifest_2026-04-16.csv,history/ad_hoc_reviews/2026-04-16-codex-consensus-goal475-v0_7-external-input-manifest.md
476,no_direct_goal_id_artifact_found,0,0,0,0,,,,
477,report_or_review_only,0,0,5,1,,,docs/reports/goal477_external_review_2026-04-16.md,history/ad_hoc_reviews/2026-04-16-codex-consensus-goal477-v0_7-broad-unittest-discovery-repair.md
478,report_or_review_only,0,0,4,1,,,docs/reports/goal478_external_review_2026-04-16.md,history/ad_hoc_reviews/2026-04-16-codex-consensus-goal478-v0_7-release-reports-refresh-after-goal477.md
479,report_or_review_only,0,0,5,1,,,docs/reports/goal479_external_review_2026-04-16.md,history/ad_hoc_reviews/2026-04-16-codex-consensus-goal479-v0_7-release-candidate-audit-after-goal478.md
480,report_or_review_only,0,0,3,1,,,docs/reports/goal480_external_review_2026-04-16.md,history/ad_hoc_reviews/2026-04-16-codex-consensus-goal480-v0_7-release-reports-refresh-after-goal479.md
481,report_or_review_only,0,0,6,1,,,docs/reports/goal481_external_review_2026-04-16.md,history/ad_hoc_reviews/2026-04-16-codex-consensus-goal481-v0_7-post-goal480-pre-stage-hold-ledger.md
482,report_or_review_only,0,0,5,1,,,docs/reports/goal482_external_review_2026-04-16.md,history/ad_hoc_reviews/2026-04-16-codex-consensus-goal482-v0_7-post-goal481-dry-run-staging-plan.md
483,report_or_review_only,0,0,3,1,,,docs/reports/goal483_external_review_2026-04-16.md,history/ad_hoc_reviews/2026-04-16-codex-consensus-goal483-v0_7-release-reports-refresh-after-goal482.md
484,report_or_review_only,0,0,5,1,,,docs/reports/goal484_external_review_2026-04-16.md,history/ad_hoc_reviews/2026-04-16-codex-consensus-goal484-v0_7-post-goal483-release-hold-audit.md
485,report_or_review_only,0,0,3,1,,,docs/reports/goal485_external_review_2026-04-16.md,history/ad_hoc_reviews/2026-04-16-codex-consensus-goal485-v0_7-ready-for-user-staging-decision-hold.md
486,report_or_review_only,0,0,5,1,,,docs/reports/goal486_external_review_2026-04-16.md,history/ad_hoc_reviews/2026-04-16-codex-consensus-goal486-v0_7-post-disk-cleanup-artifact-integrity-audit.md
487,report_or_review_only,0,0,6,1,,,docs/reports/goal487_external_review_2026-04-16.md,history/ad_hoc_reviews/2026-04-16-codex-consensus-goal487-v0_7-post-goal486-release-hold-stability-audit.md
488,report_or_review_only,0,0,5,1,,,docs/reports/goal488_external_review_2026-04-16.md,history/ad_hoc_reviews/2026-04-16-codex-consensus-goal488-v0_7-front-tutorial-example-doc-consistency-audit.md
489,report_or_review_only,0,0,5,1,,,docs/reports/goal489_external_review_2026-04-16.md,history/ad_hoc_reviews/2026-04-16-codex-consensus-goal489-v0_7-history-synchronization-adoption.md
490,report_or_review_only,0,0,6,1,,,docs/reports/goal490_external_review_2026-04-16.md,history/ad_hoc_reviews/2026-04-16-codex-consensus-goal490-v0_7-post-goal489-pre-stage-ledger-refresh.md
491,report_or_review_only,0,0,5,1,,,docs/reports/goal491_external_review_2026-04-16.md,history/ad_hoc_reviews/2026-04-16-codex-consensus-goal491-v0_7-post-goal490-release-hold-audit.md
492,report_or_review_only,0,0,5,1,,,docs/reports/goal492_external_review_2026-04-16.md,history/ad_hoc_reviews/2026-04-16-codex-consensus-goal492-v0_7-ready-for-explicit-staging-authorization-hold.md
493,structured_revision_round,1,0,6,1,history/revisions/2026-04-16-goal493-post-v0-7-public-surface-3c,,docs/reports/goal493_claude_review_2026-04-16.md,history/ad_hoc_reviews/2026-04-16-codex-consensus-goal493-post-v0_7-public-surface-3c-audit.md
