goal_number,path,report_count,review_artifact_count,flow_basis,local_flow_check_status,ai_flow_check_artifact,ai_approve_artifact
100,docs/goal_100_release_validation_rerun.md,1,5,goal_specific_report_family,pass,/Users/rl2025/rtdl_python_only/docs/reports/goal160_external_review_claude_2026-04-07.md,/Users/rl2025/rtdl_python_only/docs/reports/goal160_external_review_gemini_2026-04-07.md
101,docs/goal_101_hello_world_all_backend_validation.md,1,4,goal_specific_report_family,pass,/Users/rl2025/rtdl_python_only/docs/reports/goal160_external_review_claude_2026-04-07.md,/Users/rl2025/rtdl_python_only/docs/reports/goal160_external_review_gemini_2026-04-07.md
102,docs/goal_102_full_honest_rayjoin_reproduction.md,3,5,goal_specific_report_family,pass,/Users/rl2025/rtdl_python_only/docs/reports/goal160_external_review_claude_2026-04-07.md,/Users/rl2025/rtdl_python_only/docs/reports/goal160_external_review_gemini_2026-04-07.md
103,docs/goal_103_full_honest_rayjoin_reproduction_vulkan.md,4,3,goal_specific_report_family,pass,/Users/rl2025/rtdl_python_only/docs/reports/goal160_external_review_claude_2026-04-07.md,/Users/rl2025/rtdl_python_only/docs/reports/goal160_external_review_gemini_2026-04-07.md
104,docs/goal_104_rayjoin_reproduction_performance_report.md,1,0,goal_specific_report_family,pass,/Users/rl2025/rtdl_python_only/docs/reports/goal160_external_review_claude_2026-04-07.md,/Users/rl2025/rtdl_python_only/docs/reports/goal160_external_review_gemini_2026-04-07.md
105,docs/goal_105_final_release_audit.md,3,1,goal_specific_report_family,pass,/Users/rl2025/rtdl_python_only/docs/reports/goal160_external_review_claude_2026-04-07.md,/Users/rl2025/rtdl_python_only/docs/reports/goal160_external_review_gemini_2026-04-07.md
106,docs/goal_106_repo_wide_review_and_audit.md,3,3,goal_specific_report_family,pass,/Users/rl2025/rtdl_python_only/docs/reports/goal160_external_review_claude_2026-04-07.md,/Users/rl2025/rtdl_python_only/docs/reports/goal160_external_review_gemini_2026-04-07.md
107,docs/goal_107_v0_2_roadmap_planning.md,4,3,goal_specific_report_family,pass,/Users/rl2025/rtdl_python_only/docs/reports/goal160_external_review_claude_2026-04-07.md,/Users/rl2025/rtdl_python_only/docs/reports/goal160_external_review_gemini_2026-04-07.md
108,docs/goal_108_v0_2_workload_scope_charter.md,2,3,goal_specific_report_family,pass,/Users/rl2025/rtdl_python_only/docs/reports/goal160_external_review_claude_2026-04-07.md,/Users/rl2025/rtdl_python_only/docs/reports/goal160_external_review_gemini_2026-04-07.md
109,docs/goal_109_archive_v0_1_baseline.md,2,3,goal_specific_report_family,pass,/Users/rl2025/rtdl_python_only/docs/reports/goal160_external_review_claude_2026-04-07.md,/Users/rl2025/rtdl_python_only/docs/reports/goal160_external_review_gemini_2026-04-07.md
10,docs/goal_10_more_workloads_plan.md,24,30,goal_specific_report_family,pass,/Users/rl2025/rtdl_python_only/docs/reports/goal160_external_review_claude_2026-04-07.md,/Users/rl2025/rtdl_python_only/docs/reports/goal160_external_review_gemini_2026-04-07.md
110,docs/goal_110_v0_2_segment_polygon_hitcount_closure.md,6,15,goal_specific_report_family,pass,/Users/rl2025/rtdl_python_only/docs/reports/goal160_external_review_claude_2026-04-07.md,/Users/rl2025/rtdl_python_only/docs/reports/goal160_external_review_gemini_2026-04-07.md
111,docs/goal_111_v0_2_generate_only_mvp.md,2,6,goal_specific_report_family,pass,/Users/rl2025/rtdl_python_only/docs/reports/goal160_external_review_claude_2026-04-07.md,/Users/rl2025/rtdl_python_only/docs/reports/goal160_external_review_gemini_2026-04-07.md
112,docs/goal_112_segment_polygon_performance_maturation.md,3,3,goal_specific_report_family,pass,/Users/rl2025/rtdl_python_only/docs/reports/goal160_external_review_claude_2026-04-07.md,/Users/rl2025/rtdl_python_only/docs/reports/goal160_external_review_gemini_2026-04-07.md
113,docs/goal_113_generate_only_maturation.md,2,3,goal_specific_report_family,pass,/Users/rl2025/rtdl_python_only/docs/reports/goal160_external_review_claude_2026-04-07.md,/Users/rl2025/rtdl_python_only/docs/reports/goal160_external_review_gemini_2026-04-07.md
114,docs/goal_114_segment_polygon_postgis_large_scale_validation.md,1,3,goal_specific_report_family,pass,/Users/rl2025/rtdl_python_only/docs/reports/goal160_external_review_claude_2026-04-07.md,/Users/rl2025/rtdl_python_only/docs/reports/goal160_external_review_gemini_2026-04-07.md
115,docs/goal_115_segment_polygon_feature_productization.md,1,3,goal_specific_report_family,pass,/Users/rl2025/rtdl_python_only/docs/reports/goal160_external_review_claude_2026-04-07.md,/Users/rl2025/rtdl_python_only/docs/reports/goal160_external_review_gemini_2026-04-07.md
116,docs/goal_116_segment_polygon_full_backend_audit.md,1,0,goal_specific_report_family,pass,/Users/rl2025/rtdl_python_only/docs/reports/goal160_external_review_claude_2026-04-07.md,/Users/rl2025/rtdl_python_only/docs/reports/goal160_external_review_gemini_2026-04-07.md
117,docs/goal_117_v0_2_feature_usage_surface.md,1,0,goal_specific_report_family,pass,/Users/rl2025/rtdl_python_only/docs/reports/goal160_external_review_claude_2026-04-07.md,/Users/rl2025/rtdl_python_only/docs/reports/goal160_external_review_gemini_2026-04-07.md
118,docs/goal_118_segment_polygon_linux_large_perf.md,3,0,goal_specific_report_family,pass,/Users/rl2025/rtdl_python_only/docs/reports/goal160_external_review_claude_2026-04-07.md,/Users/rl2025/rtdl_python_only/docs/reports/goal160_external_review_gemini_2026-04-07.md
119,docs/goal_119_segment_polygon_native_maturity_redesign.md,1,0,goal_specific_report_family,pass,/Users/rl2025/rtdl_python_only/docs/reports/goal160_external_review_claude_2026-04-07.md,/Users/rl2025/rtdl_python_only/docs/reports/goal160_external_review_gemini_2026-04-07.md
120,docs/goal_120_optix_segment_polygon_native_promotion.md,1,0,goal_specific_report_family,pass,/Users/rl2025/rtdl_python_only/docs/reports/goal160_external_review_claude_2026-04-07.md,/Users/rl2025/rtdl_python_only/docs/reports/goal160_external_review_gemini_2026-04-07.md
121,docs/goal_121_segment_polygon_bbox_prefilter.md,1,0,goal_specific_report_family,pass,/Users/rl2025/rtdl_python_only/docs/reports/goal160_external_review_claude_2026-04-07.md,/Users/rl2025/rtdl_python_only/docs/reports/goal160_external_review_gemini_2026-04-07.md
122,docs/goal_122_segment_polygon_candidate_index_redesign.md,1,0,goal_specific_report_family,pass,/Users/rl2025/rtdl_python_only/docs/reports/goal160_external_review_claude_2026-04-07.md,/Users/rl2025/rtdl_python_only/docs/reports/goal160_external_review_gemini_2026-04-07.md
123,docs/goal_123_optix_candidate_index_alignment.md,1,0,goal_specific_report_family,pass,/Users/rl2025/rtdl_python_only/docs/reports/goal160_external_review_claude_2026-04-07.md,/Users/rl2025/rtdl_python_only/docs/reports/goal160_external_review_gemini_2026-04-07.md
124,docs/goal_124_v0_2_review_backfill_and_status.md,1,3,goal_specific_report_family,pass,/Users/rl2025/rtdl_python_only/docs/reports/goal160_external_review_claude_2026-04-07.md,/Users/rl2025/rtdl_python_only/docs/reports/goal160_external_review_gemini_2026-04-07.md
125,docs/goal_125_v0_2_internal_backfill_and_external_review_packet.md,1,0,goal_specific_report_family,pass,/Users/rl2025/rtdl_python_only/docs/reports/goal160_external_review_claude_2026-04-07.md,/Users/rl2025/rtdl_python_only/docs/reports/goal160_external_review_gemini_2026-04-07.md
126,docs/goal_126_second_workload_family_selection.md,1,0,goal_specific_report_family,pass,/Users/rl2025/rtdl_python_only/docs/reports/goal160_external_review_claude_2026-04-07.md,/Users/rl2025/rtdl_python_only/docs/reports/goal160_external_review_gemini_2026-04-07.md
127,docs/goal_127_second_workload_family_anyhit_rows_closure.md,1,0,goal_specific_report_family,pass,/Users/rl2025/rtdl_python_only/docs/reports/goal160_external_review_claude_2026-04-07.md,/Users/rl2025/rtdl_python_only/docs/reports/goal160_external_review_gemini_2026-04-07.md
128,docs/goal_128_second_workload_family_postgis_and_linux_perf.md,5,0,goal_specific_report_family,pass,/Users/rl2025/rtdl_python_only/docs/reports/goal160_external_review_claude_2026-04-07.md,/Users/rl2025/rtdl_python_only/docs/reports/goal160_external_review_gemini_2026-04-07.md
129,docs/goal_129_generate_only_second_workload_expansion.md,1,3,goal_specific_report_family,pass,/Users/rl2025/rtdl_python_only/docs/reports/goal160_external_review_claude_2026-04-07.md,/Users/rl2025/rtdl_python_only/docs/reports/goal160_external_review_gemini_2026-04-07.md
130,docs/goal_130_v0_2_test_plan_and_execution.md,3,3,goal_specific_report_family,pass,/Users/rl2025/rtdl_python_only/docs/reports/goal160_external_review_claude_2026-04-07.md,/Users/rl2025/rtdl_python_only/docs/reports/goal160_external_review_gemini_2026-04-07.md
131,docs/goal_131_v0_2_linux_stress_audit.md,1,2,goal_specific_report_family,pass,/Users/rl2025/rtdl_python_only/docs/reports/goal160_external_review_claude_2026-04-07.md,/Users/rl2025/rtdl_python_only/docs/reports/goal160_external_review_gemini_2026-04-07.md
132,docs/goal_132_v0_2_user_doc_refresh.md,2,0,goal_specific_report_family,pass,/Users/rl2025/rtdl_python_only/docs/reports/goal160_external_review_claude_2026-04-07.md,/Users/rl2025/rtdl_python_only/docs/reports/goal160_external_review_gemini_2026-04-07.md
133,docs/goal_133_current_feature_execution_report.md,1,0,goal_specific_report_family,pass,/Users/rl2025/rtdl_python_only/docs/reports/goal160_external_review_claude_2026-04-07.md,/Users/rl2025/rtdl_python_only/docs/reports/goal160_external_review_gemini_2026-04-07.md
134,docs/goal_134_v0_2_process_audit_so_far.md,2,1,goal_specific_report_family,pass,/Users/rl2025/rtdl_python_only/docs/reports/goal160_external_review_claude_2026-04-07.md,/Users/rl2025/rtdl_python_only/docs/reports/goal160_external_review_gemini_2026-04-07.md
135,docs/goal_135_system_midterm_check.md,3,3,goal_specific_report_family,pass,/Users/rl2025/rtdl_python_only/docs/reports/goal160_external_review_claude_2026-04-07.md,/Users/rl2025/rtdl_python_only/docs/reports/goal160_external_review_gemini_2026-04-07.md
136,docs/goal_136_jaccard_similarity_evaluation.md,3,4,goal_specific_report_family,pass,/Users/rl2025/rtdl_python_only/docs/reports/goal160_external_review_claude_2026-04-07.md,/Users/rl2025/rtdl_python_only/docs/reports/goal160_external_review_gemini_2026-04-07.md
137,docs/goal_137_jaccard_workload_charter.md,3,0,goal_specific_report_family,pass,/Users/rl2025/rtdl_python_only/docs/reports/goal160_external_review_claude_2026-04-07.md,/Users/rl2025/rtdl_python_only/docs/reports/goal160_external_review_gemini_2026-04-07.md
138,docs/goal_138_polygon_pair_overlap_area_rows_closure.md,1,0,goal_specific_report_family,pass,/Users/rl2025/rtdl_python_only/docs/reports/goal160_external_review_claude_2026-04-07.md,/Users/rl2025/rtdl_python_only/docs/reports/goal160_external_review_gemini_2026-04-07.md
139,docs/goal_139_public_pathology_data_acquisition_and_conversion.md,2,3,goal_specific_report_family,pass,/Users/rl2025/rtdl_python_only/docs/reports/goal160_external_review_claude_2026-04-07.md,/Users/rl2025/rtdl_python_only/docs/reports/goal160_external_review_gemini_2026-04-07.md
13,docs/goal_13_rayjoin_paper_embree_plan.md,21,16,goal_specific_report_family,pass,/Users/rl2025/rtdl_python_only/docs/reports/goal160_external_review_claude_2026-04-07.md,/Users/rl2025/rtdl_python_only/docs/reports/goal160_external_review_gemini_2026-04-07.md
140,docs/goal_140_polygon_set_jaccard_closure.md,2,3,goal_specific_report_family,pass,/Users/rl2025/rtdl_python_only/docs/reports/goal160_external_review_claude_2026-04-07.md,/Users/rl2025/rtdl_python_only/docs/reports/goal160_external_review_gemini_2026-04-07.md
141,docs/goal_141_public_jaccard_linux_audit.md,2,3,goal_specific_report_family,pass,/Users/rl2025/rtdl_python_only/docs/reports/goal160_external_review_claude_2026-04-07.md,/Users/rl2025/rtdl_python_only/docs/reports/goal160_external_review_gemini_2026-04-07.md
142,docs/goal_142_jaccard_docs_and_generate_only.md,2,3,goal_specific_report_family,pass,/Users/rl2025/rtdl_python_only/docs/reports/goal160_external_review_claude_2026-04-07.md,/Users/rl2025/rtdl_python_only/docs/reports/goal160_external_review_gemini_2026-04-07.md
143,docs/goal_143_feature_home_documentation.md,1,0,goal_specific_report_family,pass,/Users/rl2025/rtdl_python_only/docs/reports/goal160_external_review_claude_2026-04-07.md,/Users/rl2025/rtdl_python_only/docs/reports/goal160_external_review_gemini_2026-04-07.md
144,docs/goal_144_project_memory_bootstrap.md,1,0,goal_specific_report_family,pass,/Users/rl2025/rtdl_python_only/docs/reports/goal160_external_review_claude_2026-04-07.md,/Users/rl2025/rtdl_python_only/docs/reports/goal160_external_review_gemini_2026-04-07.md
145,docs/goal_145_v0_2_consensus_audit.md,3,1,goal_specific_report_family,pass,/Users/rl2025/rtdl_python_only/docs/reports/goal160_external_review_claude_2026-04-07.md,/Users/rl2025/rtdl_python_only/docs/reports/goal160_external_review_gemini_2026-04-07.md
146,docs/goal_146_jaccard_linux_multi_backend_stress.md,3,4,goal_specific_report_family,pass,/Users/rl2025/rtdl_python_only/docs/reports/goal160_external_review_claude_2026-04-07.md,/Users/rl2025/rtdl_python_only/docs/reports/goal160_external_review_gemini_2026-04-07.md
147,docs/goal_147_comprehensive_doc_review.md,3,3,goal_specific_report_family,pass,/Users/rl2025/rtdl_python_only/docs/reports/goal160_external_review_claude_2026-04-07.md,/Users/rl2025/rtdl_python_only/docs/reports/goal160_external_review_gemini_2026-04-07.md
148,docs/goal_148_v0_2_scope_status_package.md,3,1,goal_specific_report_family,pass,/Users/rl2025/rtdl_python_only/docs/reports/goal160_external_review_claude_2026-04-07.md,/Users/rl2025/rtdl_python_only/docs/reports/goal160_external_review_gemini_2026-04-07.md
149,docs/goal_149_front_door_and_example_consistency_freeze.md,3,4,goal_specific_report_family,pass,/Users/rl2025/rtdl_python_only/docs/reports/goal160_external_review_claude_2026-04-07.md,/Users/rl2025/rtdl_python_only/docs/reports/goal160_external_review_gemini_2026-04-07.md
14,docs/goal_14_section_5_6_exact_scale_plan.md,23,22,goal_specific_report_family,pass,/Users/rl2025/rtdl_python_only/docs/reports/goal160_external_review_claude_2026-04-07.md,/Users/rl2025/rtdl_python_only/docs/reports/goal160_external_review_gemini_2026-04-07.md
150,docs/goal_150_v0_2_release_readiness_and_stability.md,3,4,goal_specific_report_family,pass,/Users/rl2025/rtdl_python_only/docs/reports/goal160_external_review_claude_2026-04-07.md,/Users/rl2025/rtdl_python_only/docs/reports/goal160_external_review_gemini_2026-04-07.md
151,docs/goal_151_final_front_door_status_freeze.md,3,4,goal_specific_report_family,pass,/Users/rl2025/rtdl_python_only/docs/reports/goal160_external_review_claude_2026-04-07.md,/Users/rl2025/rtdl_python_only/docs/reports/goal160_external_review_gemini_2026-04-07.md
152,docs/goal_152_v0_2_release_statement_and_support_matrix.md,3,3,goal_specific_report_family,pass,/Users/rl2025/rtdl_python_only/docs/reports/goal160_external_review_claude_2026-04-07.md,/Users/rl2025/rtdl_python_only/docs/reports/goal160_external_review_gemini_2026-04-07.md
153,docs/goal_153_backend_loader_robustness.md,3,4,goal_specific_report_family,pass,/Users/rl2025/rtdl_python_only/docs/reports/goal160_external_review_claude_2026-04-07.md,/Users/rl2025/rtdl_python_only/docs/reports/goal160_external_review_gemini_2026-04-07.md
154,docs/goal_154_final_release_audit_and_tag_preparation.md,3,2,goal_specific_report_family,pass,/Users/rl2025/rtdl_python_only/docs/reports/goal160_external_review_claude_2026-04-07.md,/Users/rl2025/rtdl_python_only/docs/reports/goal160_external_review_gemini_2026-04-07.md
155,docs/goal_155_optix_linux_sdk_path_robustness.md,3,2,goal_specific_report_family,pass,/Users/rl2025/rtdl_python_only/docs/reports/goal160_external_review_claude_2026-04-07.md,/Users/rl2025/rtdl_python_only/docs/reports/goal160_external_review_gemini_2026-04-07.md
156,docs/goal_156_v0_2_release_refresh_after_optix_robustness.md,4,3,goal_specific_report_family,pass,/Users/rl2025/rtdl_python_only/docs/reports/goal160_external_review_claude_2026-04-07.md,/Users/rl2025/rtdl_python_only/docs/reports/goal160_external_review_gemini_2026-04-07.md
157,docs/goal_157_fresh_clone_external_agent_acceptance.md,3,2,goal_specific_report_family,pass,/Users/rl2025/rtdl_python_only/docs/reports/goal160_external_review_claude_2026-04-07.md,/Users/rl2025/rtdl_python_only/docs/reports/goal160_external_review_gemini_2026-04-07.md
158,docs/goal_158_rtdl_plus_python_demo_docs.md,4,1,goal_specific_report_family,pass,/Users/rl2025/rtdl_python_only/docs/reports/goal160_external_review_claude_2026-04-07.md,/Users/rl2025/rtdl_python_only/docs/reports/goal160_external_review_gemini_2026-04-07.md
159,docs/goal_159_v0_2_front_surface_consensus.md,4,1,goal_specific_report_family,pass,/Users/rl2025/rtdl_python_only/docs/reports/goal160_external_review_claude_2026-04-07.md,/Users/rl2025/rtdl_python_only/docs/reports/goal160_external_review_gemini_2026-04-07.md
17,docs/goal_17_low_overhead_runtime_plan.md,1,0,goal_specific_report_family,pass,/Users/rl2025/rtdl_python_only/docs/reports/goal160_external_review_claude_2026-04-07.md,/Users/rl2025/rtdl_python_only/docs/reports/goal160_external_review_gemini_2026-04-07.md
18,docs/goal_18_low_overhead_runtime_continuation.md,1,0,goal_specific_report_family,pass,/Users/rl2025/rtdl_python_only/docs/reports/goal160_external_review_claude_2026-04-07.md,/Users/rl2025/rtdl_python_only/docs/reports/goal160_external_review_gemini_2026-04-07.md
19,docs/goal_19_embree_performance_comparison_plan.md,1,0,goal_specific_report_family,pass,/Users/rl2025/rtdl_python_only/docs/reports/goal160_external_review_claude_2026-04-07.md,/Users/rl2025/rtdl_python_only/docs/reports/goal160_external_review_gemini_2026-04-07.md
20,docs/goal_20_claude_audit_response_plan.md,0,0,historically_exempt_planning_artifact,pass,/Users/rl2025/rtdl_python_only/docs/reports/goal160_external_review_claude_2026-04-07.md,/Users/rl2025/rtdl_python_only/docs/reports/goal160_external_review_gemini_2026-04-07.md
21,docs/goal_21_rayjoin_matrix_dataset_frozen.md,0,0,historically_exempt_planning_artifact,pass,/Users/rl2025/rtdl_python_only/docs/reports/goal160_external_review_claude_2026-04-07.md,/Users/rl2025/rtdl_python_only/docs/reports/goal160_external_review_gemini_2026-04-07.md
21,docs/goal_21_rayjoin_matrix_dataset_setup.md,0,0,historically_exempt_planning_artifact,pass,/Users/rl2025/rtdl_python_only/docs/reports/goal160_external_review_claude_2026-04-07.md,/Users/rl2025/rtdl_python_only/docs/reports/goal160_external_review_gemini_2026-04-07.md
22,docs/goal_22_rayjoin_gap_closure.md,0,0,superseded_by_goal23_and_goal22_tests,pass,/Users/rl2025/rtdl_python_only/docs/reports/goal160_external_review_claude_2026-04-07.md,/Users/rl2025/rtdl_python_only/docs/reports/goal160_external_review_gemini_2026-04-07.md
23,docs/goal_23_bounded_embree_reproduction.md,2,0,goal_specific_report_family,pass,/Users/rl2025/rtdl_python_only/docs/reports/goal160_external_review_claude_2026-04-07.md,/Users/rl2025/rtdl_python_only/docs/reports/goal160_external_review_gemini_2026-04-07.md
25,docs/goal_25_full_project_audit.md,0,0,historically_exempt_planning_artifact,pass,/Users/rl2025/rtdl_python_only/docs/reports/goal160_external_review_claude_2026-04-07.md,/Users/rl2025/rtdl_python_only/docs/reports/goal160_external_review_gemini_2026-04-07.md
26,docs/goal_26_vision_alignment_audit.md,0,0,historically_exempt_planning_artifact,pass,/Users/rl2025/rtdl_python_only/docs/reports/goal160_external_review_claude_2026-04-07.md,/Users/rl2025/rtdl_python_only/docs/reports/goal160_external_review_gemini_2026-04-07.md
27,docs/goal_27_linux_embree_test_environment.md,0,0,historically_exempt_environment_setup_artifact,pass,/Users/rl2025/rtdl_python_only/docs/reports/goal160_external_review_claude_2026-04-07.md,/Users/rl2025/rtdl_python_only/docs/reports/goal160_external_review_gemini_2026-04-07.md
28,docs/goal_28_linux_rayjoin_exact_input_plan.md,4,0,goal_specific_report_family,pass,/Users/rl2025/rtdl_python_only/docs/reports/goal160_external_review_claude_2026-04-07.md,/Users/rl2025/rtdl_python_only/docs/reports/goal160_external_review_gemini_2026-04-07.md
29,docs/goal_29_lsi_mismatch_diagnosis.md,1,0,goal_specific_report_family,pass,/Users/rl2025/rtdl_python_only/docs/reports/goal160_external_review_claude_2026-04-07.md,/Users/rl2025/rtdl_python_only/docs/reports/goal160_external_review_gemini_2026-04-07.md
30,docs/goal_30_precision_abi_fix.md,1,0,goal_specific_report_family,pass,/Users/rl2025/rtdl_python_only/docs/reports/goal160_external_review_claude_2026-04-07.md,/Users/rl2025/rtdl_python_only/docs/reports/goal160_external_review_gemini_2026-04-07.md
31,docs/goal_31_lsi_gap_closure.md,1,0,goal_specific_report_family,pass,/Users/rl2025/rtdl_python_only/docs/reports/goal160_external_review_claude_2026-04-07.md,/Users/rl2025/rtdl_python_only/docs/reports/goal160_external_review_gemini_2026-04-07.md
32,docs/goal_32_local_lsi_sort_sweep.md,1,0,goal_specific_report_family,pass,/Users/rl2025/rtdl_python_only/docs/reports/goal160_external_review_claude_2026-04-07.md,/Users/rl2025/rtdl_python_only/docs/reports/goal160_external_review_gemini_2026-04-07.md
33,docs/goal_33_linux_postfix_verification.md,1,0,goal_specific_report_family,pass,/Users/rl2025/rtdl_python_only/docs/reports/goal160_external_review_claude_2026-04-07.md,/Users/rl2025/rtdl_python_only/docs/reports/goal160_external_review_gemini_2026-04-07.md
34,docs/goal_34_linux_embree_performance.md,1,0,goal_specific_report_family,pass,/Users/rl2025/rtdl_python_only/docs/reports/goal160_external_review_claude_2026-04-07.md,/Users/rl2025/rtdl_python_only/docs/reports/goal160_external_review_gemini_2026-04-07.md
35,docs/goal_35_blockgroup_waterbodies_linux_slice.md,1,0,goal_specific_report_family,pass,/Users/rl2025/rtdl_python_only/docs/reports/goal160_external_review_claude_2026-04-07.md,/Users/rl2025/rtdl_python_only/docs/reports/goal160_external_review_gemini_2026-04-07.md
36,docs/goal_36_blockgroup_waterbodies_linux_performance.md,1,0,goal_specific_report_family,pass,/Users/rl2025/rtdl_python_only/docs/reports/goal160_external_review_claude_2026-04-07.md,/Users/rl2025/rtdl_python_only/docs/reports/goal160_external_review_gemini_2026-04-07.md
37,docs/goal_37_lkau_pkau_linux_slice.md,1,0,goal_specific_report_family,pass,/Users/rl2025/rtdl_python_only/docs/reports/goal160_external_review_claude_2026-04-07.md,/Users/rl2025/rtdl_python_only/docs/reports/goal160_external_review_gemini_2026-04-07.md
38,docs/goal_38_large_scale_embree_feasibility.md,1,0,goal_specific_report_family,pass,/Users/rl2025/rtdl_python_only/docs/reports/goal160_external_review_claude_2026-04-07.md,/Users/rl2025/rtdl_python_only/docs/reports/goal160_external_review_gemini_2026-04-07.md
39,docs/goal_39_optix_backend_audit.md,1,0,goal_specific_report_family,pass,/Users/rl2025/rtdl_python_only/docs/reports/goal160_external_review_claude_2026-04-07.md,/Users/rl2025/rtdl_python_only/docs/reports/goal160_external_review_gemini_2026-04-07.md
40,docs/goal_40_native_cpu_oracle.md,1,1,goal_specific_report_family,pass,/Users/rl2025/rtdl_python_only/docs/reports/goal160_external_review_claude_2026-04-07.md,/Users/rl2025/rtdl_python_only/docs/reports/goal160_external_review_gemini_2026-04-07.md
41,docs/goal_41_cross_host_oracle_correctness.md,2,2,goal_specific_report_family,pass,/Users/rl2025/rtdl_python_only/docs/reports/goal160_external_review_claude_2026-04-07.md,/Users/rl2025/rtdl_python_only/docs/reports/goal160_external_review_gemini_2026-04-07.md
42,docs/goal_42_pre_nvidia_readiness_review.md,1,0,goal_specific_report_family,pass,/Users/rl2025/rtdl_python_only/docs/reports/goal160_external_review_claude_2026-04-07.md,/Users/rl2025/rtdl_python_only/docs/reports/goal160_external_review_gemini_2026-04-07.md
43,docs/goal_43_optix_gpu_validation.md,2,0,goal_specific_report_family,pass,/Users/rl2025/rtdl_python_only/docs/reports/goal160_external_review_claude_2026-04-07.md,/Users/rl2025/rtdl_python_only/docs/reports/goal160_external_review_gemini_2026-04-07.md
45,docs/goal_45_optix_county_zipcode.md,1,0,goal_specific_report_family,pass,/Users/rl2025/rtdl_python_only/docs/reports/goal160_external_review_claude_2026-04-07.md,/Users/rl2025/rtdl_python_only/docs/reports/goal160_external_review_gemini_2026-04-07.md
46,docs/goal_46_optix_county_zipcode_parity.md,1,0,goal_specific_report_family,pass,/Users/rl2025/rtdl_python_only/docs/reports/goal160_external_review_claude_2026-04-07.md,/Users/rl2025/rtdl_python_only/docs/reports/goal160_external_review_gemini_2026-04-07.md
47,docs/goal_47_optix_goal41_large_checks.md,1,2,goal_specific_report_family,pass,/Users/rl2025/rtdl_python_only/docs/reports/goal160_external_review_claude_2026-04-07.md,/Users/rl2025/rtdl_python_only/docs/reports/goal160_external_review_gemini_2026-04-07.md
48,docs/goal_48_full_project_audit.md,1,0,goal_specific_report_family,pass,/Users/rl2025/rtdl_python_only/docs/reports/goal160_external_review_claude_2026-04-07.md,/Users/rl2025/rtdl_python_only/docs/reports/goal160_external_review_gemini_2026-04-07.md
49,docs/goal_49_documentation_rewrite.md,2,0,goal_specific_report_family,pass,/Users/rl2025/rtdl_python_only/docs/reports/goal160_external_review_claude_2026-04-07.md,/Users/rl2025/rtdl_python_only/docs/reports/goal160_external_review_gemini_2026-04-07.md
50,docs/goal_50_postgis_ground_truth.md,3,6,goal_specific_report_family,pass,/Users/rl2025/rtdl_python_only/docs/reports/goal160_external_review_claude_2026-04-07.md,/Users/rl2025/rtdl_python_only/docs/reports/goal160_external_review_gemini_2026-04-07.md
51,docs/goal_51_vulkan_parity_validation.md,0,0,subsumed_by_goal73_and_goal85_vulkan_closure,pass,/Users/rl2025/rtdl_python_only/docs/reports/goal160_external_review_claude_2026-04-07.md,/Users/rl2025/rtdl_python_only/docs/reports/goal160_external_review_gemini_2026-04-07.md
52,docs/goal_52_rtdl_new_intake.md,2,3,goal_specific_report_family,pass,/Users/rl2025/rtdl_python_only/docs/reports/goal160_external_review_claude_2026-04-07.md,/Users/rl2025/rtdl_python_only/docs/reports/goal160_external_review_gemini_2026-04-07.md
53,docs/goal_53_bounded_matrix_closure.md,2,3,goal_specific_report_family,pass,/Users/rl2025/rtdl_python_only/docs/reports/goal160_external_review_claude_2026-04-07.md,/Users/rl2025/rtdl_python_only/docs/reports/goal160_external_review_gemini_2026-04-07.md
54,docs/goal_54_lkau_pkau_four_system.md,2,2,goal_specific_report_family,pass,/Users/rl2025/rtdl_python_only/docs/reports/goal160_external_review_claude_2026-04-07.md,/Users/rl2025/rtdl_python_only/docs/reports/goal160_external_review_gemini_2026-04-07.md
55,docs/goal_55_full_test_surface_closure.md,3,2,goal_specific_report_family,pass,/Users/rl2025/rtdl_python_only/docs/reports/goal160_external_review_claude_2026-04-07.md,/Users/rl2025/rtdl_python_only/docs/reports/goal160_external_review_gemini_2026-04-07.md
56,docs/goal_56_overlay_four_system_closure.md,2,3,goal_specific_report_family,pass,/Users/rl2025/rtdl_python_only/docs/reports/goal160_external_review_claude_2026-04-07.md,/Users/rl2025/rtdl_python_only/docs/reports/goal160_external_review_gemini_2026-04-07.md
57,docs/goal_57_status_refresh_and_parallel_research.md,2,3,goal_specific_report_family,pass,/Users/rl2025/rtdl_python_only/docs/reports/goal160_external_review_claude_2026-04-07.md,/Users/rl2025/rtdl_python_only/docs/reports/goal160_external_review_gemini_2026-04-07.md
59,docs/goal_59_bounded_v0_1_reproduction_package.md,2,2,goal_specific_report_family,pass,/Users/rl2025/rtdl_python_only/docs/reports/goal160_external_review_claude_2026-04-07.md,/Users/rl2025/rtdl_python_only/docs/reports/goal160_external_review_gemini_2026-04-07.md
60,docs/goal_60_full_consistency_audit.md,1,3,goal_specific_report_family,pass,/Users/rl2025/rtdl_python_only/docs/reports/goal160_external_review_claude_2026-04-07.md,/Users/rl2025/rtdl_python_only/docs/reports/goal160_external_review_gemini_2026-04-07.md
61,docs/goal_61_rayjoin_bounded_paper_closure.md,1,3,goal_specific_report_family,pass,/Users/rl2025/rtdl_python_only/docs/reports/goal160_external_review_claude_2026-04-07.md,/Users/rl2025/rtdl_python_only/docs/reports/goal160_external_review_gemini_2026-04-07.md
62,docs/goal_62_peer_review_paper.md,3,4,goal_specific_report_family,pass,/Users/rl2025/rtdl_python_only/docs/reports/goal160_external_review_claude_2026-04-07.md,/Users/rl2025/rtdl_python_only/docs/reports/goal160_external_review_gemini_2026-04-07.md
63,docs/goal_63_audit_flow_consensus.md,2,4,goal_specific_report_family,pass,/Users/rl2025/rtdl_python_only/docs/reports/goal160_external_review_claude_2026-04-07.md,/Users/rl2025/rtdl_python_only/docs/reports/goal160_external_review_gemini_2026-04-07.md
64,docs/goal_64_submission_ready_paper_package.md,2,4,goal_specific_report_family,pass,/Users/rl2025/rtdl_python_only/docs/reports/goal160_external_review_claude_2026-04-07.md,/Users/rl2025/rtdl_python_only/docs/reports/goal160_external_review_gemini_2026-04-07.md
65,docs/goal_65_vulkan_optix_linux_comparison.md,2,3,goal_specific_report_family,pass,/Users/rl2025/rtdl_python_only/docs/reports/goal160_external_review_claude_2026-04-07.md,/Users/rl2025/rtdl_python_only/docs/reports/goal160_external_review_gemini_2026-04-07.md
66,docs/goal_66_vulkan_correctness_closure.md,2,3,goal_specific_report_family,pass,/Users/rl2025/rtdl_python_only/docs/reports/goal160_external_review_claude_2026-04-07.md,/Users/rl2025/rtdl_python_only/docs/reports/goal160_external_review_gemini_2026-04-07.md
67,docs/goal_67_vulkan_and_doc_repair.md,4,3,goal_specific_report_family,pass,/Users/rl2025/rtdl_python_only/docs/reports/goal160_external_review_claude_2026-04-07.md,/Users/rl2025/rtdl_python_only/docs/reports/goal160_external_review_gemini_2026-04-07.md
69,docs/goal_69_pip_performance_repair.md,6,8,goal_specific_report_family,pass,/Users/rl2025/rtdl_python_only/docs/reports/goal160_external_review_claude_2026-04-07.md,/Users/rl2025/rtdl_python_only/docs/reports/goal160_external_review_gemini_2026-04-07.md
70,docs/goal_70_optix_beats_postgis.md,3,3,goal_specific_report_family,pass,/Users/rl2025/rtdl_python_only/docs/reports/goal160_external_review_claude_2026-04-07.md,/Users/rl2025/rtdl_python_only/docs/reports/goal160_external_review_gemini_2026-04-07.md
71,docs/goal_71_embree_beats_postgis.md,1,3,goal_specific_report_family,pass,/Users/rl2025/rtdl_python_only/docs/reports/goal160_external_review_claude_2026-04-07.md,/Users/rl2025/rtdl_python_only/docs/reports/goal160_external_review_gemini_2026-04-07.md
72,docs/goal_72_vulkan_long_county_prepared_exec.md,1,3,goal_specific_report_family,pass,/Users/rl2025/rtdl_python_only/docs/reports/goal160_external_review_claude_2026-04-07.md,/Users/rl2025/rtdl_python_only/docs/reports/goal160_external_review_gemini_2026-04-07.md
73,docs/goal_73_linux_test_closure.md,2,3,goal_specific_report_family,pass,/Users/rl2025/rtdl_python_only/docs/reports/goal160_external_review_claude_2026-04-07.md,/Users/rl2025/rtdl_python_only/docs/reports/goal160_external_review_gemini_2026-04-07.md
74,docs/goal_74_three_ai_post_goal73_audit.md,1,4,goal_specific_report_family,pass,/Users/rl2025/rtdl_python_only/docs/reports/goal160_external_review_claude_2026-04-07.md,/Users/rl2025/rtdl_python_only/docs/reports/goal160_external_review_gemini_2026-04-07.md
75,docs/goal_75_oracle_trust_envelope.md,3,8,goal_specific_report_family,pass,/Users/rl2025/rtdl_python_only/docs/reports/goal160_external_review_claude_2026-04-07.md,/Users/rl2025/rtdl_python_only/docs/reports/goal160_external_review_gemini_2026-04-07.md
76,docs/goal_76_runtime_prepared_cache.md,1,3,goal_specific_report_family,pass,/Users/rl2025/rtdl_python_only/docs/reports/goal160_external_review_claude_2026-04-07.md,/Users/rl2025/rtdl_python_only/docs/reports/goal160_external_review_gemini_2026-04-07.md
77,docs/goal_77_runtime_cache_measurement.md,3,4,goal_specific_report_family,pass,/Users/rl2025/rtdl_python_only/docs/reports/goal160_external_review_claude_2026-04-07.md,/Users/rl2025/rtdl_python_only/docs/reports/goal160_external_review_gemini_2026-04-07.md
78,docs/goal_78_vulkan_positive_hit_sparse_redesign.md,5,4,goal_specific_report_family,pass,/Users/rl2025/rtdl_python_only/docs/reports/goal160_external_review_claude_2026-04-07.md,/Users/rl2025/rtdl_python_only/docs/reports/goal160_external_review_gemini_2026-04-07.md
79,docs/goal_79_linux_performance_reproduction_matrix.md,3,3,goal_specific_report_family,pass,/Users/rl2025/rtdl_python_only/docs/reports/goal160_external_review_claude_2026-04-07.md,/Users/rl2025/rtdl_python_only/docs/reports/goal160_external_review_gemini_2026-04-07.md
80,docs/goal_80_long_end_to_end_runtime_cache_win.md,2,3,goal_specific_report_family,pass,/Users/rl2025/rtdl_python_only/docs/reports/goal160_external_review_claude_2026-04-07.md,/Users/rl2025/rtdl_python_only/docs/reports/goal160_external_review_gemini_2026-04-07.md
81,docs/goal_81_optix_long_exact_raw_input_win.md,1,3,goal_specific_report_family,pass,/Users/rl2025/rtdl_python_only/docs/reports/goal160_external_review_claude_2026-04-07.md,/Users/rl2025/rtdl_python_only/docs/reports/goal160_external_review_gemini_2026-04-07.md
82,docs/goal_82_optix_pre_embree_audit.md,2,3,goal_specific_report_family,pass,/Users/rl2025/rtdl_python_only/docs/reports/goal160_external_review_claude_2026-04-07.md,/Users/rl2025/rtdl_python_only/docs/reports/goal160_external_review_gemini_2026-04-07.md
83,docs/goal_83_embree_long_exact_source_repair.md,3,6,goal_specific_report_family,pass,/Users/rl2025/rtdl_python_only/docs/reports/goal160_external_review_claude_2026-04-07.md,/Users/rl2025/rtdl_python_only/docs/reports/goal160_external_review_gemini_2026-04-07.md
84,docs/goal_84_exact_source_long_backend_summary.md,1,3,goal_specific_report_family,pass,/Users/rl2025/rtdl_python_only/docs/reports/goal160_external_review_claude_2026-04-07.md,/Users/rl2025/rtdl_python_only/docs/reports/goal160_external_review_gemini_2026-04-07.md
85,docs/goal_85_vulkan_hardware_validation_and_measurement.md,1,3,goal_specific_report_family,pass,/Users/rl2025/rtdl_python_only/docs/reports/goal160_external_review_claude_2026-04-07.md,/Users/rl2025/rtdl_python_only/docs/reports/goal160_external_review_gemini_2026-04-07.md
86,docs/goal_86_backend_comparison_closure.md,1,0,goal_specific_report_family,pass,/Users/rl2025/rtdl_python_only/docs/reports/goal160_external_review_claude_2026-04-07.md,/Users/rl2025/rtdl_python_only/docs/reports/goal160_external_review_gemini_2026-04-07.md
87,docs/goal_87_vulkan_long_exact_source_unblocked.md,1,3,goal_specific_report_family,pass,/Users/rl2025/rtdl_python_only/docs/reports/goal160_external_review_claude_2026-04-07.md,/Users/rl2025/rtdl_python_only/docs/reports/goal160_external_review_gemini_2026-04-07.md
88,docs/goal_88_vulkan_long_exact_raw_input_measurement.md,1,3,goal_specific_report_family,pass,/Users/rl2025/rtdl_python_only/docs/reports/goal160_external_review_claude_2026-04-07.md,/Users/rl2025/rtdl_python_only/docs/reports/goal160_external_review_gemini_2026-04-07.md
89,docs/goal_89_backend_comparison_refresh.md,1,0,goal_specific_report_family,pass,/Users/rl2025/rtdl_python_only/docs/reports/goal160_external_review_claude_2026-04-07.md,/Users/rl2025/rtdl_python_only/docs/reports/goal160_external_review_gemini_2026-04-07.md
90,docs/goal_90_code_review_and_process_audit.md,3,5,goal_specific_report_family,pass,/Users/rl2025/rtdl_python_only/docs/reports/goal160_external_review_claude_2026-04-07.md,/Users/rl2025/rtdl_python_only/docs/reports/goal160_external_review_gemini_2026-04-07.md
91,docs/goal_91_test_expansion_for_rayjoin_reproduction.md,3,0,goal_specific_report_family,pass,/Users/rl2025/rtdl_python_only/docs/reports/goal160_external_review_claude_2026-04-07.md,/Users/rl2025/rtdl_python_only/docs/reports/goal160_external_review_gemini_2026-04-07.md
92,docs/goal_92_architecture_api_and_performance_docs.md,3,0,goal_specific_report_family,pass,/Users/rl2025/rtdl_python_only/docs/reports/goal160_external_review_claude_2026-04-07.md,/Users/rl2025/rtdl_python_only/docs/reports/goal160_external_review_gemini_2026-04-07.md
93,docs/goal_93_rayjoin_reproduction_release_matrix.md,4,4,goal_specific_report_family,pass,/Users/rl2025/rtdl_python_only/docs/reports/goal160_external_review_claude_2026-04-07.md,/Users/rl2025/rtdl_python_only/docs/reports/goal160_external_review_gemini_2026-04-07.md
94,docs/goal_94_v0_1_release_validation.md,1,0,goal_specific_report_family,pass,/Users/rl2025/rtdl_python_only/docs/reports/goal160_external_review_claude_2026-04-07.md,/Users/rl2025/rtdl_python_only/docs/reports/goal160_external_review_gemini_2026-04-07.md
95,docs/goal_95_v0_1_release_docs.md,3,0,goal_specific_report_family,pass,/Users/rl2025/rtdl_python_only/docs/reports/goal160_external_review_claude_2026-04-07.md,/Users/rl2025/rtdl_python_only/docs/reports/goal160_external_review_gemini_2026-04-07.md
96,docs/goal_96_v0_1_release_audit.md,1,0,goal_specific_report_family,pass,/Users/rl2025/rtdl_python_only/docs/reports/goal160_external_review_claude_2026-04-07.md,/Users/rl2025/rtdl_python_only/docs/reports/goal160_external_review_gemini_2026-04-07.md
97,docs/goal_97_ray_hit_sorting_kernel.md,3,5,goal_specific_report_family,pass,/Users/rl2025/rtdl_python_only/docs/reports/goal160_external_review_claude_2026-04-07.md,/Users/rl2025/rtdl_python_only/docs/reports/goal160_external_review_gemini_2026-04-07.md
98,docs/goal_98_optix_release_regression_repair.md,4,7,goal_specific_report_family,pass,/Users/rl2025/rtdl_python_only/docs/reports/goal160_external_review_claude_2026-04-07.md,/Users/rl2025/rtdl_python_only/docs/reports/goal160_external_review_gemini_2026-04-07.md
99,docs/goal_99_optix_cold_prepared_run1_win.md,2,3,goal_specific_report_family,pass,/Users/rl2025/rtdl_python_only/docs/reports/goal160_external_review_claude_2026-04-07.md,/Users/rl2025/rtdl_python_only/docs/reports/goal160_external_review_gemini_2026-04-07.md
